id,l1_code,l1_name,l1_name_en,l2_code,l2_name,l2_name_en,l3_code,l3_name,l3_name_en,natural_accounting_class,classification_code,full_code,cap_threshold,cap_threshold_large_entity,useful_life_min,useful_life_max
cls_01010101,01,الأراضي,Land,01,أراضي إدارية,Administrative lands,01,أراضي إدارية,Administrative lands,01,010101,01010101,,,,
cls_01010103,01,الأراضي,Land,01,أراضي إدارية,Administrative lands,01,أراضي إدارية,Administrative lands,03,010101,01010103,,,,
cls_01010104,01,الأراضي,Land,01,أراضي إدارية,Administrative lands,01,أراضي إدارية,Administrative lands,04,010101,01010104,,,,
cls_01020101,01,الأراضي,Land,02,أرض زراعية,Agricultural Land,01,أرض زراعية,Agricultural Land,01,010201,01020101,,,,
cls_01020103,01,الأراضي,Land,02,أرض زراعية,Agricultural Land,01,أرض زراعية,Agricultural Land,03,010201,01020103,,,,
cls_01020104,01,الأراضي,Land,02,أرض زراعية,Agricultural Land,01,أرض زراعية,Agricultural Land,04,010201,01020104,,,,
cls_01030101,01,الأراضي,Land,03,أراضي تجارية,Commercial lands,01,أراضي تجارية,Commercial lands,01,010301,01030101,,,,
cls_01030103,01,الأراضي,Land,03,أراضي تجارية,Commercial lands,01,أراضي تجارية,Commercial lands,03,010301,01030103,,,,
cls_01030104,01,الأراضي,Land,03,أراضي تجارية,Commercial lands,01,أراضي تجارية,Commercial lands,04,010301,01030104,,,,
cls_01040101,01,الأراضي,Land,04,أرض تراثية,Heritage Land,01,أرض تراثية,Heritage Land,01,010401,01040101,,,,
cls_01040103,01,الأراضي,Land,04,أرض تراثية,Heritage Land,01,أرض تراثية,Heritage Land,03,010401,01040103,,,,
cls_01040104,01,الأراضي,Land,04,أرض تراثية,Heritage Land,01,أرض تراثية,Heritage Land,04,010401,01040104,,,,
cls_01050101,01,الأراضي,Land,05,أرض صناعية,Industrial Land,01,أرض صناعية,Industrial Land,01,010501,01050101,,,,
cls_01050103,01,الأراضي,Land,05,أرض صناعية,Industrial Land,01,أرض صناعية,Industrial Land,03,010501,01050103,,,,
cls_01050104,01,الأراضي,Land,05,أرض صناعية,Industrial Land,01,أرض صناعية,Industrial Land,04,010501,01050104,,,,
cls_01060101,01,الأراضي,Land,06,أراضي الموارد الطبيعية,Land of Natural Resources,01,أراضي الموارد الطبيعية,Land of Natural Resources,01,010601,01060101,,,,
cls_01060103,01,الأراضي,Land,06,أراضي الموارد الطبيعية,Land of Natural Resources,01,أراضي الموارد الطبيعية,Land of Natural Resources,03,010601,01060103,,,,
cls_01060104,01,الأراضي,Land,06,أراضي الموارد الطبيعية,Land of Natural Resources,01,أراضي الموارد الطبيعية,Land of Natural Resources,04,010601,01060104,,,,
cls_01070101,01,الأراضي,Land,07,الأمن القومي,National Security,01,أراضي الأمن القومي,National Security,01,010701,01070101,,,,
cls_01070103,01,الأراضي,Land,07,الأمن القومي,National Security,01,أراضي الأمن القومي,National Security,03,010701,01070103,,,,
cls_01070104,01,الأراضي,Land,07,الأمن القومي,National Security,01,أراضي الأمن القومي,National Security,04,010701,01070104,,,,
cls_01080101,01,الأراضي,Land,08,أرضي أخرى,Other Land,01,أرضي أخرى,Other Land,01,010801,01080101,,,,
cls_01080103,01,الأراضي,Land,08,أرضي أخرى,Other Land,01,أرضي أخرى,Other Land,03,010801,01080103,,,,
cls_01080104,01,الأراضي,Land,08,أرضي أخرى,Other Land,01,أرضي أخرى,Other Land,04,010801,01080104,,,,
cls_01090101,01,الأراضي,Land,09,أراضي سكنية,Residential lands,01,أراضي سكنية,Residential lands,01,010901,01090101,,,,
cls_01090103,01,الأراضي,Land,09,أراضي سكنية,Residential lands,01,أراضي سكنية,Residential lands,03,010901,01090103,,,,
cls_01090104,01,الأراضي,Land,09,أراضي سكنية,Residential lands,01,أراضي سكنية,Residential lands,04,010901,01090104,,,,
cls_01100101,01,الأراضي,Land,10,أراضي النقل البري,Transport land,01,أرض مستخدمة للطرق,Land Used For Road,01,011001,01100101,,,,
cls_01100103,01,الأراضي,Land,10,أراضي النقل البري,Transport land,01,أرض مستخدمة للطرق,Land Used For Road,03,011001,01100103,,,,
cls_01100104,01,الأراضي,Land,10,أراضي النقل البري,Transport land,01,أرض مستخدمة للطرق,Land Used For Road,04,011001,01100104,,,,
cls_01110101,01,الأراضي,Land,11,أرض خالية,Vacant Land,01,أرض خالية,Vacant Land,01,011101,01110101,,,,
cls_01110103,01,الأراضي,Land,11,أرض خالية,Vacant Land,01,أرض خالية,Vacant Land,03,011101,01110103,,,,
cls_01110104,01,الأراضي,Land,11,أرض خالية,Vacant Land,01,أرض خالية,Vacant Land,04,011101,01110104,,,,
cls_02010101,02,تحسين الأراضي المستأجرة,Land Leasehold Improvement,01,تحسين الأراضي المستأجرة,Land Leasehold Improvement,01,تحسين الأراضي المستأجرة,Land Leasehold Improvement,01,020101,02010101,10000,,10,30
cls_03010101,03,مباني سكنية,Residential Buildings,01,مباني سكنية دائمة,Permanent Residential Buildings,01,مباني سكنية دائمة متعددة الاشغال - تشطيبات,Permanent Multiple Occupancy Accommodation Buildings - Interior,01,030101,03010101,,,15,25
cls_03010103,03,مباني سكنية,Residential Buildings,01,مباني سكنية دائمة,Permanent Residential Buildings,01,مباني سكنية دائمة متعددة الاشغال - تشطيبات,Permanent Multiple Occupancy Accommodation Buildings - Interior,03,030101,03010103,,,15,25
cls_03010104,03,مباني سكنية,Residential Buildings,01,مباني سكنية دائمة,Permanent Residential Buildings,01,مباني سكنية دائمة متعددة الاشغال - تشطيبات,Permanent Multiple Occupancy Accommodation Buildings - Interior,04,030101,03010104,,,15,25
cls_03010201,03,مباني سكنية,Residential Buildings,01,مباني سكنية دائمة,Permanent Residential Buildings,02,مباني سكنية دائمة متعددة الاشغال - خدمات,Permanent Multiple Occupancy Accommodation Buildings - Services,01,030102,03010201,,,20,30
cls_03010203,03,مباني سكنية,Residential Buildings,01,مباني سكنية دائمة,Permanent Residential Buildings,02,مباني سكنية دائمة متعددة الاشغال - خدمات,Permanent Multiple Occupancy Accommodation Buildings - Services,03,030102,03010203,,,20,30
cls_03010204,03,مباني سكنية,Residential Buildings,01,مباني سكنية دائمة,Permanent Residential Buildings,02,مباني سكنية دائمة متعددة الاشغال - خدمات,Permanent Multiple Occupancy Accommodation Buildings - Services,04,030102,03010204,,,20,30
cls_03010301,03,مباني سكنية,Residential Buildings,01,مباني سكنية دائمة,Permanent Residential Buildings,03,مباني سكنية دائمة متعددة الاشغال - هيكل البناء,Permanent Multiple Occupancy Accommodation Buildings - Structure,01,030103,03010301,,,40,50
cls_03010303,03,مباني سكنية,Residential Buildings,01,مباني سكنية دائمة,Permanent Residential Buildings,03,مباني سكنية دائمة متعددة الاشغال - هيكل البناء,Permanent Multiple Occupancy Accommodation Buildings - Structure,03,030103,03010303,,,40,50
cls_03010304,03,مباني سكنية,Residential Buildings,01,مباني سكنية دائمة,Permanent Residential Buildings,03,مباني سكنية دائمة متعددة الاشغال - هيكل البناء,Permanent Multiple Occupancy Accommodation Buildings - Structure,04,030103,03010304,,,40,50
cls_03010401,03,مباني سكنية,Residential Buildings,01,مباني سكنية دائمة,Permanent Residential Buildings,04,سكن دائمة متعددة الاشغال - وحدة,Permanent Multiple Occupancy Accommodation Unit,01,030104,03010401,,,30,50
cls_03010403,03,مباني سكنية,Residential Buildings,01,مباني سكنية دائمة,Permanent Residential Buildings,04,سكن دائمة متعددة الاشغال - وحدة,Permanent Multiple Occupancy Accommodation Unit,03,030104,03010403,,,30,50
cls_03010404,03,مباني سكنية,Residential Buildings,01,مباني سكنية دائمة,Permanent Residential Buildings,04,سكن دائمة متعددة الاشغال - وحدة,Permanent Multiple Occupancy Accommodation Unit,04,030104,03010404,,,30,50
cls_03010501,03,مباني سكنية,Residential Buildings,01,مباني سكنية دائمة,Permanent Residential Buildings,05,مباني سكنية دائمة ذات اشغال احادي  - تشطيبات,Permanent Single Occupancy Accommodation Buildings - Interior,01,030105,03010501,,,15,25
cls_03010503,03,مباني سكنية,Residential Buildings,01,مباني سكنية دائمة,Permanent Residential Buildings,05,مباني سكنية دائمة ذات اشغال احادي  - تشطيبات,Permanent Single Occupancy Accommodation Buildings - Interior,03,030105,03010503,,,15,25
cls_03010504,03,مباني سكنية,Residential Buildings,01,مباني سكنية دائمة,Permanent Residential Buildings,05,مباني سكنية دائمة ذات اشغال احادي  - تشطيبات,Permanent Single Occupancy Accommodation Buildings - Interior,04,030105,03010504,,,15,25
cls_03010601,03,مباني سكنية,Residential Buildings,01,مباني سكنية دائمة,Permanent Residential Buildings,06,مباني سكنية دائمة ذات اشغال احادي - خدمات,Permanent Single Occupancy Accommodation Buildings - Services,01,030106,03010601,,,20,30
cls_03010603,03,مباني سكنية,Residential Buildings,01,مباني سكنية دائمة,Permanent Residential Buildings,06,مباني سكنية دائمة ذات اشغال احادي - خدمات,Permanent Single Occupancy Accommodation Buildings - Services,03,030106,03010603,,,20,30
cls_03010604,03,مباني سكنية,Residential Buildings,01,مباني سكنية دائمة,Permanent Residential Buildings,06,مباني سكنية دائمة ذات اشغال احادي - خدمات,Permanent Single Occupancy Accommodation Buildings - Services,04,030106,03010604,,,20,30
cls_03010701,03,مباني سكنية,Residential Buildings,01,مباني سكنية دائمة,Permanent Residential Buildings,07,مباني سكنية دائمة ذات اشغال احادي - هيكل البناء,Permanent Single Occupancy Accommodation Buildings - Structure,01,030107,03010701,,,40,50
cls_03010703,03,مباني سكنية,Residential Buildings,01,مباني سكنية دائمة,Permanent Residential Buildings,07,مباني سكنية دائمة ذات اشغال احادي - هيكل البناء,Permanent Single Occupancy Accommodation Buildings - Structure,03,030107,03010703,,,40,50
cls_03010704,03,مباني سكنية,Residential Buildings,01,مباني سكنية دائمة,Permanent Residential Buildings,07,مباني سكنية دائمة ذات اشغال احادي - هيكل البناء,Permanent Single Occupancy Accommodation Buildings - Structure,04,030107,03010704,,,40,50
cls_03010801,03,مباني سكنية,Residential Buildings,01,مباني سكنية دائمة,Permanent Residential Buildings,08,سكنية دائمة ذات اشغال احادي - وحدة,Permanent Single Occupancy Accommodation Unit,01,030108,03010801,,,30,40
cls_03010803,03,مباني سكنية,Residential Buildings,01,مباني سكنية دائمة,Permanent Residential Buildings,08,سكنية دائمة ذات اشغال احادي - وحدة,Permanent Single Occupancy Accommodation Unit,03,030108,03010803,,,30,40
cls_03010804,03,مباني سكنية,Residential Buildings,01,مباني سكنية دائمة,Permanent Residential Buildings,08,سكنية دائمة ذات اشغال احادي - وحدة,Permanent Single Occupancy Accommodation Unit,04,030108,03010804,,,30,40
cls_03020101,03,مباني سكنية,Residential Buildings,02,مباني سكنية مؤقتة,Temporary Residential Buildings,01,مباني سكنية مؤقتة,Temporary Residential Buildings,01,030201,03020101,10000,,15,25
cls_03020103,03,مباني سكنية,Residential Buildings,02,مباني سكنية مؤقتة,Temporary Residential Buildings,01,مباني سكنية مؤقتة,Temporary Residential Buildings,03,030201,03020103,10000,,15,25
cls_03020104,03,مباني سكنية,Residential Buildings,02,مباني سكنية مؤقتة,Temporary Residential Buildings,01,مباني سكنية مؤقتة,Temporary Residential Buildings,04,030201,03020104,10000,,15,25
cls_04010101,04,المباني غير السكنية,Non-residential Buildings,01,مباني إدارية دائمة,Permanent Admin Building,01,مباني إدارية دائمة - تشطيبات,Permanent Admin Building - Interior,01,040101,04010101,,,,
cls_04010103,04,المباني غير السكنية,Non-residential Buildings,01,مباني إدارية دائمة,Permanent Admin Building,01,مباني إدارية دائمة - تشطيبات,Permanent Admin Building - Interior,03,040101,04010103,,,,
cls_04010104,04,المباني غير السكنية,Non-residential Buildings,01,مباني إدارية دائمة,Permanent Admin Building,01,مباني إدارية دائمة - تشطيبات,Permanent Admin Building - Interior,04,040101,04010104,,,,
cls_04010201,04,المباني غير السكنية,Non-residential Buildings,01,مباني إدارية دائمة,Permanent Admin Building,02,مباني إدارية دائمة - خدمات,Permanent Admin Building - Services,01,040102,04010201,,,,
cls_04010203,04,المباني غير السكنية,Non-residential Buildings,01,مباني إدارية دائمة,Permanent Admin Building,02,مباني إدارية دائمة - خدمات,Permanent Admin Building - Services,03,040102,04010203,,,,
cls_04010204,04,المباني غير السكنية,Non-residential Buildings,01,مباني إدارية دائمة,Permanent Admin Building,02,مباني إدارية دائمة - خدمات,Permanent Admin Building - Services,04,040102,04010204,,,,
cls_04010301,04,المباني غير السكنية,Non-residential Buildings,01,مباني إدارية دائمة,Permanent Admin Building,03,مباني إدارية دائمة - هيكل البناء,Permanent Admin Building - Structure,01,040103,04010301,,,,
cls_04010303,04,المباني غير السكنية,Non-residential Buildings,01,مباني إدارية دائمة,Permanent Admin Building,03,مباني إدارية دائمة - هيكل البناء,Permanent Admin Building - Structure,03,040103,04010303,,,,
cls_04010304,04,المباني غير السكنية,Non-residential Buildings,01,مباني إدارية دائمة,Permanent Admin Building,03,مباني إدارية دائمة - هيكل البناء,Permanent Admin Building - Structure,04,040103,04010304,,,,
cls_04010401,04,المباني غير السكنية,Non-residential Buildings,01,مباني إدارية دائمة,Permanent Admin Building,04,مبنى إداري دائم - وحدة,Permanent Admin Building Unit,01,040104,04010401,,,30,50
cls_04010403,04,المباني غير السكنية,Non-residential Buildings,01,مباني إدارية دائمة,Permanent Admin Building,04,مبنى إداري دائم - وحدة,Permanent Admin Building Unit,03,040104,04010403,,,30,50
cls_04010404,04,المباني غير السكنية,Non-residential Buildings,01,مباني إدارية دائمة,Permanent Admin Building,04,مبنى إداري دائم - وحدة,Permanent Admin Building Unit,04,040104,04010404,,,30,50
cls_04020101,04,المباني غير السكنية,Non-residential Buildings,02,مباني الزراعة والصيد الدائمة,Permanent Agricultural and Fishing Buildings,01,المباني الزراعية والصيد الدائمة,Permanent Agricultural and Fishing Buildings,01,040201,04020101,,,40,50
cls_04020103,04,المباني غير السكنية,Non-residential Buildings,02,مباني الزراعة والصيد الدائمة,Permanent Agricultural and Fishing Buildings,01,المباني الزراعية والصيد الدائمة,Permanent Agricultural and Fishing Buildings,03,040201,04020103,,,40,50
cls_04020104,04,المباني غير السكنية,Non-residential Buildings,02,مباني الزراعة والصيد الدائمة,Permanent Agricultural and Fishing Buildings,01,المباني الزراعية والصيد الدائمة,Permanent Agricultural and Fishing Buildings,04,040201,04020104,,,40,50
cls_04030101,04,المباني غير السكنية,Non-residential Buildings,03,مباني تجارية وترفيهية دائمة,Permanent Commercial and Entertainment Buildings,01,مباني تجارية وترفيهية دائمة - تشطيبات,Permanent Commercial and Entertainment Buildings - Interior,01,040301,04030101,,,15,25
cls_04030103,04,المباني غير السكنية,Non-residential Buildings,03,مباني تجارية وترفيهية دائمة,Permanent Commercial and Entertainment Buildings,01,مباني تجارية وترفيهية دائمة - تشطيبات,Permanent Commercial and Entertainment Buildings - Interior,03,040301,04030103,,,15,25
cls_04030104,04,المباني غير السكنية,Non-residential Buildings,03,مباني تجارية وترفيهية دائمة,Permanent Commercial and Entertainment Buildings,01,مباني تجارية وترفيهية دائمة - تشطيبات,Permanent Commercial and Entertainment Buildings - Interior,04,040301,04030104,,,15,25
cls_04030201,04,المباني غير السكنية,Non-residential Buildings,03,مباني تجارية وترفيهية دائمة,Permanent Commercial and Entertainment Buildings,02,مباني تجارية وترفيهية دائمة - خدمات,Permanent Commercial and Entertainment Buildings - Services,01,040302,04030201,,,20,30
cls_04030203,04,المباني غير السكنية,Non-residential Buildings,03,مباني تجارية وترفيهية دائمة,Permanent Commercial and Entertainment Buildings,02,مباني تجارية وترفيهية دائمة - خدمات,Permanent Commercial and Entertainment Buildings - Services,03,040302,04030203,,,20,30
cls_04030204,04,المباني غير السكنية,Non-residential Buildings,03,مباني تجارية وترفيهية دائمة,Permanent Commercial and Entertainment Buildings,02,مباني تجارية وترفيهية دائمة - خدمات,Permanent Commercial and Entertainment Buildings - Services,04,040302,04030204,,,20,30
cls_04030301,04,المباني غير السكنية,Non-residential Buildings,03,مباني تجارية وترفيهية دائمة,Permanent Commercial and Entertainment Buildings,03,مباني تجارية وترفيهية دائمة - وحدة,Permanent Commercial and Entertainment Buildings Unit,01,040303,04030301,,,30,50
cls_04030303,04,المباني غير السكنية,Non-residential Buildings,03,مباني تجارية وترفيهية دائمة,Permanent Commercial and Entertainment Buildings,03,مباني تجارية وترفيهية دائمة - وحدة,Permanent Commercial and Entertainment Buildings Unit,03,040303,04030303,,,30,50
cls_04030304,04,المباني غير السكنية,Non-residential Buildings,03,مباني تجارية وترفيهية دائمة,Permanent Commercial and Entertainment Buildings,03,مباني تجارية وترفيهية دائمة - وحدة,Permanent Commercial and Entertainment Buildings Unit,04,040303,04030304,,,30,50
cls_04030401,04,المباني غير السكنية,Non-residential Buildings,03,مباني تجارية وترفيهية دائمة,Permanent Commercial and Entertainment Buildings,04,مباني تجارية وترفيهية دائمة - هيكل البناء,Permanent Commercial and Entertainment Buildings- Structure,01,040304,04030401,,,40,50
cls_04030403,04,المباني غير السكنية,Non-residential Buildings,03,مباني تجارية وترفيهية دائمة,Permanent Commercial and Entertainment Buildings,04,مباني تجارية وترفيهية دائمة - هيكل البناء,Permanent Commercial and Entertainment Buildings- Structure,03,040304,04030403,,,40,50
cls_04030404,04,المباني غير السكنية,Non-residential Buildings,03,مباني تجارية وترفيهية دائمة,Permanent Commercial and Entertainment Buildings,04,مباني تجارية وترفيهية دائمة - هيكل البناء,Permanent Commercial and Entertainment Buildings- Structure,04,040304,04030404,,,40,50
cls_04040101,04,المباني غير السكنية,Non-residential Buildings,04,مباني الدفاع الدائمة,Permanent Defense Buildings,01,مباني الدفاع الدائم - تشطيبات,Permanent Defense Buildings - Interior,01,040401,04040101,,,15,25
cls_04040103,04,المباني غير السكنية,Non-residential Buildings,04,مباني الدفاع الدائمة,Permanent Defense Buildings,01,مباني الدفاع الدائم - تشطيبات,Permanent Defense Buildings - Interior,03,040401,04040103,,,15,25
cls_04040104,04,المباني غير السكنية,Non-residential Buildings,04,مباني الدفاع الدائمة,Permanent Defense Buildings,01,مباني الدفاع الدائم - تشطيبات,Permanent Defense Buildings - Interior,04,040401,04040104,,,15,25
cls_04040201,04,المباني غير السكنية,Non-residential Buildings,04,مباني الدفاع الدائمة,Permanent Defense Buildings,02,مباني الدفاع الدائم - خدمات,Permanent Defense Buildings - Services,01,040402,04040201,,,20,30
cls_04040203,04,المباني غير السكنية,Non-residential Buildings,04,مباني الدفاع الدائمة,Permanent Defense Buildings,02,مباني الدفاع الدائم - خدمات,Permanent Defense Buildings - Services,03,040402,04040203,,,20,30
cls_04040204,04,المباني غير السكنية,Non-residential Buildings,04,مباني الدفاع الدائمة,Permanent Defense Buildings,02,مباني الدفاع الدائم - خدمات,Permanent Defense Buildings - Services,04,040402,04040204,,,20,30
cls_04040301,04,المباني غير السكنية,Non-residential Buildings,04,مباني الدفاع الدائمة,Permanent Defense Buildings,03,مباني الدفاع الدائم - هيكل البناء,Permanent Defense Buildings - Structure,01,040403,04040301,,,40,50
cls_04040303,04,المباني غير السكنية,Non-residential Buildings,04,مباني الدفاع الدائمة,Permanent Defense Buildings,03,مباني الدفاع الدائم - هيكل البناء,Permanent Defense Buildings - Structure,03,040403,04040303,,,40,50
cls_04040304,04,المباني غير السكنية,Non-residential Buildings,04,مباني الدفاع الدائمة,Permanent Defense Buildings,03,مباني الدفاع الدائم - هيكل البناء,Permanent Defense Buildings - Structure,04,040403,04040304,,,40,50
cls_04040401,04,المباني غير السكنية,Non-residential Buildings,04,مباني الدفاع الدائمة,Permanent Defense Buildings,04,مباني الدفاع الدائم - وحدة,Permanent Defense Buildings Unit,01,040404,04040401,,,30,50
cls_04040403,04,المباني غير السكنية,Non-residential Buildings,04,مباني الدفاع الدائمة,Permanent Defense Buildings,04,مباني الدفاع الدائم - وحدة,Permanent Defense Buildings Unit,03,040404,04040403,,,30,50
cls_04040404,04,المباني غير السكنية,Non-residential Buildings,04,مباني الدفاع الدائمة,Permanent Defense Buildings,04,مباني الدفاع الدائم - وحدة,Permanent Defense Buildings Unit,04,040404,04040404,,,30,50
cls_04050101,04,المباني غير السكنية,Non-residential Buildings,05,مباني التعليم ومراكز البحوث الدائمة,Permanent Educational Buildings & Research Centers,01,الأبنية التعليمية الدائمة ومراكز البحوث - تشطيبات,Permanent Educational Buildings & Research Centers - Interior,01,040501,04050101,,,15,25
cls_04050103,04,المباني غير السكنية,Non-residential Buildings,05,مباني التعليم ومراكز البحوث الدائمة,Permanent Educational Buildings & Research Centers,01,الأبنية التعليمية الدائمة ومراكز البحوث - تشطيبات,Permanent Educational Buildings & Research Centers - Interior,03,040501,04050103,,,15,25
cls_04050104,04,المباني غير السكنية,Non-residential Buildings,05,مباني التعليم ومراكز البحوث الدائمة,Permanent Educational Buildings & Research Centers,01,الأبنية التعليمية الدائمة ومراكز البحوث - تشطيبات,Permanent Educational Buildings & Research Centers - Interior,04,040501,04050104,,,15,25
cls_04050201,04,المباني غير السكنية,Non-residential Buildings,05,مباني التعليم ومراكز البحوث الدائمة,Permanent Educational Buildings & Research Centers,02,الأبنية التعليمية الدائمة ومراكز البحوث - خدمات,Permanent Educational Buildings & Research Centers - Services,01,040502,04050201,,,20,30
cls_04050203,04,المباني غير السكنية,Non-residential Buildings,05,مباني التعليم ومراكز البحوث الدائمة,Permanent Educational Buildings & Research Centers,02,الأبنية التعليمية الدائمة ومراكز البحوث - خدمات,Permanent Educational Buildings & Research Centers - Services,03,040502,04050203,,,20,30
cls_04050204,04,المباني غير السكنية,Non-residential Buildings,05,مباني التعليم ومراكز البحوث الدائمة,Permanent Educational Buildings & Research Centers,02,الأبنية التعليمية الدائمة ومراكز البحوث - خدمات,Permanent Educational Buildings & Research Centers - Services,04,040502,04050204,,,20,30
cls_04050301,04,المباني غير السكنية,Non-residential Buildings,05,مباني التعليم ومراكز البحوث الدائمة,Permanent Educational Buildings & Research Centers,03,الأبنية التعليمية الدائمة ومراكز البحوث - هيكل البناء,Permanent Educational Buildings & Research Centers - Structure,01,040503,04050301,,,40,50
cls_04050303,04,المباني غير السكنية,Non-residential Buildings,05,مباني التعليم ومراكز البحوث الدائمة,Permanent Educational Buildings & Research Centers,03,الأبنية التعليمية الدائمة ومراكز البحوث - هيكل البناء,Permanent Educational Buildings & Research Centers - Structure,03,040503,04050303,,,40,50
cls_04050304,04,المباني غير السكنية,Non-residential Buildings,05,مباني التعليم ومراكز البحوث الدائمة,Permanent Educational Buildings & Research Centers,03,الأبنية التعليمية الدائمة ومراكز البحوث - هيكل البناء,Permanent Educational Buildings & Research Centers - Structure,04,040503,04050304,,,40,50
cls_04050401,04,المباني غير السكنية,Non-residential Buildings,05,مباني التعليم ومراكز البحوث الدائمة,Permanent Educational Buildings & Research Centers,04,الأبنية التعليمية الدائمة ومراكز البحوث - وحدة,Permanent Educational Buildings & Research Centers Unit,01,040504,04050401,,,40,50
cls_04050403,04,المباني غير السكنية,Non-residential Buildings,05,مباني التعليم ومراكز البحوث الدائمة,Permanent Educational Buildings & Research Centers,04,الأبنية التعليمية الدائمة ومراكز البحوث - وحدة,Permanent Educational Buildings & Research Centers Unit,03,040504,04050403,,,40,50
cls_04050404,04,المباني غير السكنية,Non-residential Buildings,05,مباني التعليم ومراكز البحوث الدائمة,Permanent Educational Buildings & Research Centers,04,الأبنية التعليمية الدائمة ومراكز البحوث - وحدة,Permanent Educational Buildings & Research Centers Unit,04,040504,04050404,,,40,50
cls_04060101,04,المباني غير السكنية,Non-residential Buildings,06,مباني الرعاية الصحية الدائمة,Permanent Health Care Buildings,01,مباني الرعاية الصحية الدائمة - تشطيبات,Permanent Health Care Buildings - Interior,01,040601,04060101,,,15,25
cls_04060103,04,المباني غير السكنية,Non-residential Buildings,06,مباني الرعاية الصحية الدائمة,Permanent Health Care Buildings,01,مباني الرعاية الصحية الدائمة - تشطيبات,Permanent Health Care Buildings - Interior,03,040601,04060103,,,15,25
cls_04060104,04,المباني غير السكنية,Non-residential Buildings,06,مباني الرعاية الصحية الدائمة,Permanent Health Care Buildings,01,مباني الرعاية الصحية الدائمة - تشطيبات,Permanent Health Care Buildings - Interior,04,040601,04060104,,,15,25
cls_04060201,04,المباني غير السكنية,Non-residential Buildings,06,مباني الرعاية الصحية الدائمة,Permanent Health Care Buildings,02,مباني الرعاية الصحية الدائمة - خدمات,Permanent Health Care Buildings - Services,01,040602,04060201,,,20,30
cls_04060203,04,المباني غير السكنية,Non-residential Buildings,06,مباني الرعاية الصحية الدائمة,Permanent Health Care Buildings,02,مباني الرعاية الصحية الدائمة - خدمات,Permanent Health Care Buildings - Services,03,040602,04060203,,,20,30
cls_04060204,04,المباني غير السكنية,Non-residential Buildings,06,مباني الرعاية الصحية الدائمة,Permanent Health Care Buildings,02,مباني الرعاية الصحية الدائمة - خدمات,Permanent Health Care Buildings - Services,04,040602,04060204,,,20,30
cls_04060301,04,المباني غير السكنية,Non-residential Buildings,06,مباني الرعاية الصحية الدائمة,Permanent Health Care Buildings,03,مباني الرعاية الصحية الدائمة - هيكل البناء,Permanent Health Care Buildings - Structure,01,040603,04060301,,,40,50
cls_04060303,04,المباني غير السكنية,Non-residential Buildings,06,مباني الرعاية الصحية الدائمة,Permanent Health Care Buildings,03,مباني الرعاية الصحية الدائمة - هيكل البناء,Permanent Health Care Buildings - Structure,03,040603,04060303,,,40,50
cls_04060304,04,المباني غير السكنية,Non-residential Buildings,06,مباني الرعاية الصحية الدائمة,Permanent Health Care Buildings,03,مباني الرعاية الصحية الدائمة - هيكل البناء,Permanent Health Care Buildings - Structure,04,040603,04060304,,,40,50
cls_04060401,04,المباني غير السكنية,Non-residential Buildings,06,مباني الرعاية الصحية الدائمة,Permanent Health Care Buildings,04,مباني الرعاية الصحية الدائمة - وحدة,Permanent Health Care Buildings Unit,01,040604,04060401,,,30,50
cls_04060403,04,المباني غير السكنية,Non-residential Buildings,06,مباني الرعاية الصحية الدائمة,Permanent Health Care Buildings,04,مباني الرعاية الصحية الدائمة - وحدة,Permanent Health Care Buildings Unit,03,040604,04060403,,,30,50
cls_04060404,04,المباني غير السكنية,Non-residential Buildings,06,مباني الرعاية الصحية الدائمة,Permanent Health Care Buildings,04,مباني الرعاية الصحية الدائمة - وحدة,Permanent Health Care Buildings Unit,04,040604,04060404,,,30,50
cls_04070101,04,المباني غير السكنية,Non-residential Buildings,07,المباني الصناعية الدائمة,Permanent Industrial Buildings,01,المباني الصناعية الدائمة - خدمات,Permanent Industrial Buildings - Services,01,040701,04070101,,,20,30
cls_04070103,04,المباني غير السكنية,Non-residential Buildings,07,المباني الصناعية الدائمة,Permanent Industrial Buildings,01,المباني الصناعية الدائمة - خدمات,Permanent Industrial Buildings - Services,03,040701,04070103,,,20,30
cls_04070104,04,المباني غير السكنية,Non-residential Buildings,07,المباني الصناعية الدائمة,Permanent Industrial Buildings,01,المباني الصناعية الدائمة - خدمات,Permanent Industrial Buildings - Services,04,040701,04070104,,,20,30
cls_04070201,04,المباني غير السكنية,Non-residential Buildings,07,المباني الصناعية الدائمة,Permanent Industrial Buildings,02,المباني الصناعية الدائمة - هيكل البناء,Permanent Industrial Buildings - Structure,01,040702,04070201,,,40,50
cls_04070203,04,المباني غير السكنية,Non-residential Buildings,07,المباني الصناعية الدائمة,Permanent Industrial Buildings,02,المباني الصناعية الدائمة - هيكل البناء,Permanent Industrial Buildings - Structure,03,040702,04070203,,,40,50
cls_04070204,04,المباني غير السكنية,Non-residential Buildings,07,المباني الصناعية الدائمة,Permanent Industrial Buildings,02,المباني الصناعية الدائمة - هيكل البناء,Permanent Industrial Buildings - Structure,04,040702,04070204,,,40,50
cls_04070301,04,المباني غير السكنية,Non-residential Buildings,07,المباني الصناعية الدائمة,Permanent Industrial Buildings,03,المباني الصناعية الدائمة - وحدة,Permanent Industrial Buildings Unit,01,040703,04070301,,,30,50
cls_04070303,04,المباني غير السكنية,Non-residential Buildings,07,المباني الصناعية الدائمة,Permanent Industrial Buildings,03,المباني الصناعية الدائمة - وحدة,Permanent Industrial Buildings Unit,03,040703,04070303,,,30,50
cls_04070304,04,المباني غير السكنية,Non-residential Buildings,07,المباني الصناعية الدائمة,Permanent Industrial Buildings,03,المباني الصناعية الدائمة - وحدة,Permanent Industrial Buildings Unit,04,040703,04070304,,,30,50
cls_04080101,04,المباني غير السكنية,Non-residential Buildings,08,مباني المختبرات الدائمة,Permanent Laboratories Buildings,01,مباني المختبرات الدائمة - تشطيبات,Permanent Laboratories Buildings - Interior,01,040801,04080101,,,15,25
cls_04080103,04,المباني غير السكنية,Non-residential Buildings,08,مباني المختبرات الدائمة,Permanent Laboratories Buildings,01,مباني المختبرات الدائمة - تشطيبات,Permanent Laboratories Buildings - Interior,03,040801,04080103,,,15,25
cls_04080104,04,المباني غير السكنية,Non-residential Buildings,08,مباني المختبرات الدائمة,Permanent Laboratories Buildings,01,مباني المختبرات الدائمة - تشطيبات,Permanent Laboratories Buildings - Interior,04,040801,04080104,,,15,25
cls_04080201,04,المباني غير السكنية,Non-residential Buildings,08,مباني المختبرات الدائمة,Permanent Laboratories Buildings,02,مباني المختبرات الدائمة - خدمات,Permanent Laboratories Buildings - Services,01,040802,04080201,,,20,30
cls_04080203,04,المباني غير السكنية,Non-residential Buildings,08,مباني المختبرات الدائمة,Permanent Laboratories Buildings,02,مباني المختبرات الدائمة - خدمات,Permanent Laboratories Buildings - Services,03,040802,04080203,,,20,30
cls_04080204,04,المباني غير السكنية,Non-residential Buildings,08,مباني المختبرات الدائمة,Permanent Laboratories Buildings,02,مباني المختبرات الدائمة - خدمات,Permanent Laboratories Buildings - Services,04,040802,04080204,,,20,30
cls_04080301,04,المباني غير السكنية,Non-residential Buildings,08,مباني المختبرات الدائمة,Permanent Laboratories Buildings,03,مباني المختبرات الدائمة - هيكل البناء,Permanent Laboratories Buildings - Structure,01,040803,04080301,,,40,50
cls_04080303,04,المباني غير السكنية,Non-residential Buildings,08,مباني المختبرات الدائمة,Permanent Laboratories Buildings,03,مباني المختبرات الدائمة - هيكل البناء,Permanent Laboratories Buildings - Structure,03,040803,04080303,,,40,50
cls_04080304,04,المباني غير السكنية,Non-residential Buildings,08,مباني المختبرات الدائمة,Permanent Laboratories Buildings,03,مباني المختبرات الدائمة - هيكل البناء,Permanent Laboratories Buildings - Structure,04,040803,04080304,,,40,50
cls_04080401,04,المباني غير السكنية,Non-residential Buildings,08,مباني المختبرات الدائمة,Permanent Laboratories Buildings,04,مباني المختبرات الدائمة - وحدة,Permanent Laboratories Buildings Unit,01,040804,04080401,,,30,50
cls_04080403,04,المباني غير السكنية,Non-residential Buildings,08,مباني المختبرات الدائمة,Permanent Laboratories Buildings,04,مباني المختبرات الدائمة - وحدة,Permanent Laboratories Buildings Unit,03,040804,04080403,,,30,50
cls_04080404,04,المباني غير السكنية,Non-residential Buildings,08,مباني المختبرات الدائمة,Permanent Laboratories Buildings,04,مباني المختبرات الدائمة - وحدة,Permanent Laboratories Buildings Unit,04,040804,04080404,,,30,50
cls_04090101,04,المباني غير السكنية,Non-residential Buildings,09,المباني الأخرى الدائمة,Permanent Other Buildings,01,المباني الأخرى الدائمة - تشطيبات,Permanent Other Buildings - Interior,01,040901,04090101,,,15,25
cls_04090103,04,المباني غير السكنية,Non-residential Buildings,09,المباني الأخرى الدائمة,Permanent Other Buildings,01,المباني الأخرى الدائمة - تشطيبات,Permanent Other Buildings - Interior,03,040901,04090103,,,15,25
cls_04090104,04,المباني غير السكنية,Non-residential Buildings,09,المباني الأخرى الدائمة,Permanent Other Buildings,01,المباني الأخرى الدائمة - تشطيبات,Permanent Other Buildings - Interior,04,040901,04090104,,,15,25
cls_04090201,04,المباني غير السكنية,Non-residential Buildings,09,المباني الأخرى الدائمة,Permanent Other Buildings,02,المباني الأخرى الدائمة - خدمات,Permanent Other Buildings - Services,01,040902,04090201,,,20,30
cls_04090203,04,المباني غير السكنية,Non-residential Buildings,09,المباني الأخرى الدائمة,Permanent Other Buildings,02,المباني الأخرى الدائمة - خدمات,Permanent Other Buildings - Services,03,040902,04090203,,,20,30
cls_04090204,04,المباني غير السكنية,Non-residential Buildings,09,المباني الأخرى الدائمة,Permanent Other Buildings,02,المباني الأخرى الدائمة - خدمات,Permanent Other Buildings - Services,04,040902,04090204,,,20,30
cls_04090301,04,المباني غير السكنية,Non-residential Buildings,09,المباني الأخرى الدائمة,Permanent Other Buildings,03,المباني الأخرى الدائمة - هيكل البناء,Permanent Other Buildings - Structure,01,040903,04090301,,,40,50
cls_04090303,04,المباني غير السكنية,Non-residential Buildings,09,المباني الأخرى الدائمة,Permanent Other Buildings,03,المباني الأخرى الدائمة - هيكل البناء,Permanent Other Buildings - Structure,03,040903,04090303,,,40,50
cls_04090304,04,المباني غير السكنية,Non-residential Buildings,09,المباني الأخرى الدائمة,Permanent Other Buildings,03,المباني الأخرى الدائمة - هيكل البناء,Permanent Other Buildings - Structure,04,040903,04090304,,,40,50
cls_04090401,04,المباني غير السكنية,Non-residential Buildings,09,المباني الأخرى الدائمة,Permanent Other Buildings,04,المباني الأخرى الدائمة - وحدة,Permanent Other Buildings Unit,01,040904,04090401,,,30,50
cls_04090403,04,المباني غير السكنية,Non-residential Buildings,09,المباني الأخرى الدائمة,Permanent Other Buildings,04,المباني الأخرى الدائمة - وحدة,Permanent Other Buildings Unit,03,040904,04090403,,,30,50
cls_04090404,04,المباني غير السكنية,Non-residential Buildings,09,المباني الأخرى الدائمة,Permanent Other Buildings,04,المباني الأخرى الدائمة - وحدة,Permanent Other Buildings Unit,04,040904,04090404,,,30,50
cls_04100101,04,المباني غير السكنية,Non-residential Buildings,10,مباني الخدمات العامة الدائمة,Permanent Public Services Buildings,01,مباني الخدمات العامة الدائمة - تشطيبات,Permanent Public Services Buildings - Interior,01,041001,04100101,,,15,25
cls_04100103,04,المباني غير السكنية,Non-residential Buildings,10,مباني الخدمات العامة الدائمة,Permanent Public Services Buildings,01,مباني الخدمات العامة الدائمة - تشطيبات,Permanent Public Services Buildings - Interior,03,041001,04100103,,,15,25
cls_04100104,04,المباني غير السكنية,Non-residential Buildings,10,مباني الخدمات العامة الدائمة,Permanent Public Services Buildings,01,مباني الخدمات العامة الدائمة - تشطيبات,Permanent Public Services Buildings - Interior,04,041001,04100104,,,15,25
cls_04100201,04,المباني غير السكنية,Non-residential Buildings,10,مباني الخدمات العامة الدائمة,Permanent Public Services Buildings,02,مباني الخدمات العامة الدائمة - خدمات,Permanent Public Services Buildings - Services,01,041002,04100201,,,20,30
cls_04100203,04,المباني غير السكنية,Non-residential Buildings,10,مباني الخدمات العامة الدائمة,Permanent Public Services Buildings,02,مباني الخدمات العامة الدائمة - خدمات,Permanent Public Services Buildings - Services,03,041002,04100203,,,20,30
cls_04100204,04,المباني غير السكنية,Non-residential Buildings,10,مباني الخدمات العامة الدائمة,Permanent Public Services Buildings,02,مباني الخدمات العامة الدائمة - خدمات,Permanent Public Services Buildings - Services,04,041002,04100204,,,20,30
cls_04100301,04,المباني غير السكنية,Non-residential Buildings,10,مباني الخدمات العامة الدائمة,Permanent Public Services Buildings,03,مباني الخدمات العامة الدائمة - وحدة,Permanent Public Services Buildings Unit,01,041003,04100301,,,30,50
cls_04100303,04,المباني غير السكنية,Non-residential Buildings,10,مباني الخدمات العامة الدائمة,Permanent Public Services Buildings,03,مباني الخدمات العامة الدائمة - وحدة,Permanent Public Services Buildings Unit,03,041003,04100303,,,30,50
cls_04100304,04,المباني غير السكنية,Non-residential Buildings,10,مباني الخدمات العامة الدائمة,Permanent Public Services Buildings,03,مباني الخدمات العامة الدائمة - وحدة,Permanent Public Services Buildings Unit,04,041003,04100304,,,30,50
cls_04100401,04,المباني غير السكنية,Non-residential Buildings,10,مباني الخدمات العامة الدائمة,Permanent Public Services Buildings,04,مباني الخدمات العامة الدائمة - هيكل البناء,Permanent Public Services Buildings- Structure,01,041004,04100401,,,40,50
cls_04100403,04,المباني غير السكنية,Non-residential Buildings,10,مباني الخدمات العامة الدائمة,Permanent Public Services Buildings,04,مباني الخدمات العامة الدائمة - هيكل البناء,Permanent Public Services Buildings- Structure,03,041004,04100403,,,40,50
cls_04100404,04,المباني غير السكنية,Non-residential Buildings,10,مباني الخدمات العامة الدائمة,Permanent Public Services Buildings,04,مباني الخدمات العامة الدائمة - هيكل البناء,Permanent Public Services Buildings- Structure,04,041004,04100404,,,40,50
cls_04110101,04,المباني غير السكنية,Non-residential Buildings,11,المباني الرياضية والثقافية الدائمة,Permanent Sports and Cultural Buildings,01,المباني الرياضية والثقافية الدائمة - تشطيبات,Permanent Sports and Cultural Buildings - Interior,01,041101,04110101,,,15,25
cls_04110103,04,المباني غير السكنية,Non-residential Buildings,11,المباني الرياضية والثقافية الدائمة,Permanent Sports and Cultural Buildings,01,المباني الرياضية والثقافية الدائمة - تشطيبات,Permanent Sports and Cultural Buildings - Interior,03,041101,04110103,,,15,25
cls_04110104,04,المباني غير السكنية,Non-residential Buildings,11,المباني الرياضية والثقافية الدائمة,Permanent Sports and Cultural Buildings,01,المباني الرياضية والثقافية الدائمة - تشطيبات,Permanent Sports and Cultural Buildings - Interior,04,041101,04110104,,,15,25
cls_04110201,04,المباني غير السكنية,Non-residential Buildings,11,المباني الرياضية والثقافية الدائمة,Permanent Sports and Cultural Buildings,02,المباني الرياضية والثقافية الدائمة - خدمات,Permanent Sports and Cultural Buildings - Services,01,041102,04110201,,,20,30
cls_04110203,04,المباني غير السكنية,Non-residential Buildings,11,المباني الرياضية والثقافية الدائمة,Permanent Sports and Cultural Buildings,02,المباني الرياضية والثقافية الدائمة - خدمات,Permanent Sports and Cultural Buildings - Services,03,041102,04110203,,,20,30
cls_04110204,04,المباني غير السكنية,Non-residential Buildings,11,المباني الرياضية والثقافية الدائمة,Permanent Sports and Cultural Buildings,02,المباني الرياضية والثقافية الدائمة - خدمات,Permanent Sports and Cultural Buildings - Services,04,041102,04110204,,,20,30
cls_04110301,04,المباني غير السكنية,Non-residential Buildings,11,المباني الرياضية والثقافية الدائمة,Permanent Sports and Cultural Buildings,03,المباني الرياضية والثقافية الدائمة - هيكل البناء,Permanent Sports and Cultural Buildings - Structure,01,041103,04110301,,,40,50
cls_04110303,04,المباني غير السكنية,Non-residential Buildings,11,المباني الرياضية والثقافية الدائمة,Permanent Sports and Cultural Buildings,03,المباني الرياضية والثقافية الدائمة - هيكل البناء,Permanent Sports and Cultural Buildings - Structure,03,041103,04110303,,,40,50
cls_04110304,04,المباني غير السكنية,Non-residential Buildings,11,المباني الرياضية والثقافية الدائمة,Permanent Sports and Cultural Buildings,03,المباني الرياضية والثقافية الدائمة - هيكل البناء,Permanent Sports and Cultural Buildings - Structure,04,041103,04110304,,,40,50
cls_04110401,04,المباني غير السكنية,Non-residential Buildings,11,المباني الرياضية والثقافية الدائمة,Permanent Sports and Cultural Buildings,04,المباني الرياضية والثقافية الدائمة - وحدة,Permanent Sports and Cultural Buildings Unit,01,041104,04110401,,,30,50
cls_04110403,04,المباني غير السكنية,Non-residential Buildings,11,المباني الرياضية والثقافية الدائمة,Permanent Sports and Cultural Buildings,04,المباني الرياضية والثقافية الدائمة - وحدة,Permanent Sports and Cultural Buildings Unit,03,041104,04110403,,,30,50
cls_04110404,04,المباني غير السكنية,Non-residential Buildings,11,المباني الرياضية والثقافية الدائمة,Permanent Sports and Cultural Buildings,04,المباني الرياضية والثقافية الدائمة - وحدة,Permanent Sports and Cultural Buildings Unit,04,041104,04110404,,,30,50
cls_04120101,04,المباني غير السكنية,Non-residential Buildings,12,مباني الدفاع المؤقتة,Temporary  Defense Buildings,01,مباني دفاع مؤقتة,Temporary  Defense Buildings,01,041201,04120101,10000,,15,25
cls_04120103,04,المباني غير السكنية,Non-residential Buildings,12,مباني الدفاع المؤقتة,Temporary  Defense Buildings,01,مباني دفاع مؤقتة,Temporary  Defense Buildings,03,041201,04120103,10000,,15,25
cls_04120104,04,المباني غير السكنية,Non-residential Buildings,12,مباني الدفاع المؤقتة,Temporary  Defense Buildings,01,مباني دفاع مؤقتة,Temporary  Defense Buildings,04,041201,04120104,10000,,15,25
cls_04130101,04,المباني غير السكنية,Non-residential Buildings,13,مباني الرعاية الصحية المؤقتة,Temporary  Health Care Buildings,01,مباني الرعاية الصحية المؤقتة,Temporary  Health Care Buildings,01,041301,04130101,10000,,15,25
cls_04130103,04,المباني غير السكنية,Non-residential Buildings,13,مباني الرعاية الصحية المؤقتة,Temporary  Health Care Buildings,01,مباني الرعاية الصحية المؤقتة,Temporary  Health Care Buildings,03,041301,04130103,10000,,15,25
cls_04130104,04,المباني غير السكنية,Non-residential Buildings,13,مباني الرعاية الصحية المؤقتة,Temporary  Health Care Buildings,01,مباني الرعاية الصحية المؤقتة,Temporary  Health Care Buildings,04,041301,04130104,10000,,15,25
cls_04140101,04,المباني غير السكنية,Non-residential Buildings,14,مباني المختبرات المؤقتة,Temporary  Laboratories Buildings,01,مباني المختبرات المؤقتة,Temporary  Laboratories Buildings,01,041401,04140101,10000,,15,25
cls_04140103,04,المباني غير السكنية,Non-residential Buildings,14,مباني المختبرات المؤقتة,Temporary  Laboratories Buildings,01,مباني المختبرات المؤقتة,Temporary  Laboratories Buildings,03,041401,04140103,10000,,15,25
cls_04140104,04,المباني غير السكنية,Non-residential Buildings,14,مباني المختبرات المؤقتة,Temporary  Laboratories Buildings,01,مباني المختبرات المؤقتة,Temporary  Laboratories Buildings,04,041401,04140104,10000,,15,25
cls_04150101,04,المباني غير السكنية,Non-residential Buildings,15,مباني إدارية مؤقتة,Temporary Admin Building,01,مبنى إداري مؤقت,Temporary Admin Building,01,041501,04150101,10000,,15,25
cls_04150103,04,المباني غير السكنية,Non-residential Buildings,15,مباني إدارية مؤقتة,Temporary Admin Building,01,مبنى إداري مؤقت,Temporary Admin Building,03,041501,04150103,10000,,15,25
cls_04150104,04,المباني غير السكنية,Non-residential Buildings,15,مباني إدارية مؤقتة,Temporary Admin Building,01,مبنى إداري مؤقت,Temporary Admin Building,04,041501,04150104,10000,,15,25
cls_04160101,04,المباني غير السكنية,Non-residential Buildings,16,مباني الزراعة وصيد الأسماك المؤقتة,Temporary Agricultural and Fishing Buildings,01,المباني الزراعية وصيد الأسماك المؤقتة,Temporary Agricultural and Fishing Buildings,01,041601,04160101,10000,,15,25
cls_04160103,04,المباني غير السكنية,Non-residential Buildings,16,مباني الزراعة وصيد الأسماك المؤقتة,Temporary Agricultural and Fishing Buildings,01,المباني الزراعية وصيد الأسماك المؤقتة,Temporary Agricultural and Fishing Buildings,03,041601,04160103,10000,,15,25
cls_04160104,04,المباني غير السكنية,Non-residential Buildings,16,مباني الزراعة وصيد الأسماك المؤقتة,Temporary Agricultural and Fishing Buildings,01,المباني الزراعية وصيد الأسماك المؤقتة,Temporary Agricultural and Fishing Buildings,04,041601,04160104,10000,,15,25
cls_04170101,04,المباني غير السكنية,Non-residential Buildings,17,مباني تجارية وترفيهية مؤقتة,Temporary Commercial and Entertainment Buildings,01,مباني تجارية وترفيهية مؤقتة,Temporary Commercial and Entertainment Buildings,01,041701,04170101,10000,,15,25
cls_04170103,04,المباني غير السكنية,Non-residential Buildings,17,مباني تجارية وترفيهية مؤقتة,Temporary Commercial and Entertainment Buildings,01,مباني تجارية وترفيهية مؤقتة,Temporary Commercial and Entertainment Buildings,03,041701,04170103,10000,,15,25
cls_04170104,04,المباني غير السكنية,Non-residential Buildings,17,مباني تجارية وترفيهية مؤقتة,Temporary Commercial and Entertainment Buildings,01,مباني تجارية وترفيهية مؤقتة,Temporary Commercial and Entertainment Buildings,04,041701,04170104,10000,,15,25
cls_04180101,04,المباني غير السكنية,Non-residential Buildings,18,المباني التعليمية ومراكز البحوث المؤقتة,Temporary Educational Buildings & Research Centers,01,المباني التعليمية المؤقتة ومراكز البحوث,Temporary Educational Buildings & Research Centers,01,041801,04180101,10000,,15,25
cls_04180103,04,المباني غير السكنية,Non-residential Buildings,18,المباني التعليمية ومراكز البحوث المؤقتة,Temporary Educational Buildings & Research Centers,01,المباني التعليمية المؤقتة ومراكز البحوث,Temporary Educational Buildings & Research Centers,03,041801,04180103,10000,,15,25
cls_04180104,04,المباني غير السكنية,Non-residential Buildings,18,المباني التعليمية ومراكز البحوث المؤقتة,Temporary Educational Buildings & Research Centers,01,المباني التعليمية المؤقتة ومراكز البحوث,Temporary Educational Buildings & Research Centers,04,041801,04180104,10000,,15,25
cls_04190101,04,المباني غير السكنية,Non-residential Buildings,19,المباني الصناعية المؤقتة,Temporary Industrial Buildings,01,المباني الصناعية المؤقتة - هيكل البناء,Temporary Industrial Buildings - Structure,01,041901,04190101,10000,,15,25
cls_04190103,04,المباني غير السكنية,Non-residential Buildings,19,المباني الصناعية المؤقتة,Temporary Industrial Buildings,01,المباني الصناعية المؤقتة - هيكل البناء,Temporary Industrial Buildings - Structure,03,041901,04190103,10000,,15,25
cls_04190104,04,المباني غير السكنية,Non-residential Buildings,19,المباني الصناعية المؤقتة,Temporary Industrial Buildings,01,المباني الصناعية المؤقتة - هيكل البناء,Temporary Industrial Buildings - Structure,04,041901,04190104,10000,,15,25
cls_04200101,04,المباني غير السكنية,Non-residential Buildings,20,مباني أخرى مؤقتة,Temporary Other Buildings,01,مباني أخرى مؤقتة,Temporary Other Buildings,01,042001,04200101,10000,,15,25
cls_04200103,04,المباني غير السكنية,Non-residential Buildings,20,مباني أخرى مؤقتة,Temporary Other Buildings,01,مباني أخرى مؤقتة,Temporary Other Buildings,03,042001,04200103,10000,,15,25
cls_04200104,04,المباني غير السكنية,Non-residential Buildings,20,مباني أخرى مؤقتة,Temporary Other Buildings,01,مباني أخرى مؤقتة,Temporary Other Buildings,04,042001,04200104,10000,,15,25
cls_04210101,04,المباني غير السكنية,Non-residential Buildings,21,مباني الخدمات العامة المؤقتة,Temporary Public Services Buildings,01,مباني الخدمات العامة المؤقتة,Temporary Public Services Buildings,01,042101,04210101,10000,,15,25
cls_04210103,04,المباني غير السكنية,Non-residential Buildings,21,مباني الخدمات العامة المؤقتة,Temporary Public Services Buildings,01,مباني الخدمات العامة المؤقتة,Temporary Public Services Buildings,03,042101,04210103,10000,,15,25
cls_04210104,04,المباني غير السكنية,Non-residential Buildings,21,مباني الخدمات العامة المؤقتة,Temporary Public Services Buildings,01,مباني الخدمات العامة المؤقتة,Temporary Public Services Buildings,04,042101,04210104,10000,,15,25
cls_04220101,04,المباني غير السكنية,Non-residential Buildings,22,المباني الرياضية والثقافية المؤقتة,Temporary Sports and Cultural Buildings,01,المباني الرياضية والثقافية المؤقتة,Temporary Sports and Cultural Buildings,01,042201,04220101,10000,,15,25
cls_04220103,04,المباني غير السكنية,Non-residential Buildings,22,المباني الرياضية والثقافية المؤقتة,Temporary Sports and Cultural Buildings,01,المباني الرياضية والثقافية المؤقتة,Temporary Sports and Cultural Buildings,03,042201,04220103,10000,,15,25
cls_04220104,04,المباني غير السكنية,Non-residential Buildings,22,المباني الرياضية والثقافية المؤقتة,Temporary Sports and Cultural Buildings,01,المباني الرياضية والثقافية المؤقتة,Temporary Sports and Cultural Buildings,04,042201,04220104,10000,,15,25
cls_05010101,05,تحسين المباني المستأجرة,Building Leasehold Improvement,01,تحسين المباني المستأجرة,Building Leasehold Improvement,01,تحسين المباني المستأجرة,Building Leasehold Improvement,01,050101,05010101,10000,,10,25
cls_06010101,06,البنية التحتية لوسائل النقل,Transportation Infrastructure,01,الأشغال المدنية في المطارات,Airfield Civil Works,01,جسور المطار,Airport Bridges,01,060101,06010101,50000,,20,30
cls_06010104,06,البنية التحتية لوسائل النقل,Transportation Infrastructure,01,الأشغال المدنية في المطارات,Airfield Civil Works,01,جسور المطار,Airport Bridges,04,060101,06010104,50000,,20,30
cls_06010201,06,البنية التحتية لوسائل النقل,Transportation Infrastructure,01,الأشغال المدنية في المطارات,Airfield Civil Works,02,ساحة مواقف للطائرات,AirportAirport Apron,01,060102,06010201,50000,,15,25
cls_06010204,06,البنية التحتية لوسائل النقل,Transportation Infrastructure,01,الأشغال المدنية في المطارات,Airfield Civil Works,02,ساحة مواقف للطائرات,AirportAirport Apron,04,060102,06010204,50000,,15,25
cls_06010301,06,البنية التحتية لوسائل النقل,Transportation Infrastructure,01,الأشغال المدنية في المطارات,Airfield Civil Works,03,مهبط للطائرات,Helipad,01,060103,06010301,50000,,15,25
cls_06010304,06,البنية التحتية لوسائل النقل,Transportation Infrastructure,01,الأشغال المدنية في المطارات,Airfield Civil Works,03,مهبط للطائرات,Helipad,04,060103,06010304,50000,,15,25
cls_06010401,06,البنية التحتية لوسائل النقل,Transportation Infrastructure,01,الأشغال المدنية في المطارات,Airfield Civil Works,04,مدرج المطار,Runway,01,060104,06010401,50000,,15,25
cls_06010404,06,البنية التحتية لوسائل النقل,Transportation Infrastructure,01,الأشغال المدنية في المطارات,Airfield Civil Works,04,مدرج المطار,Runway,04,060104,06010404,50000,,15,25
cls_06010501,06,البنية التحتية لوسائل النقل,Transportation Infrastructure,01,الأشغال المدنية في المطارات,Airfield Civil Works,05,طريق الطائرات,Taxiway,01,060105,06010501,50000,,15,25
cls_06010504,06,البنية التحتية لوسائل النقل,Transportation Infrastructure,01,الأشغال المدنية في المطارات,Airfield Civil Works,05,طريق الطائرات,Taxiway,04,060105,06010504,50000,,15,25
cls_06020101,06,البنية التحتية لوسائل النقل,Transportation Infrastructure,02,تصريف المياه,Drainage,01,قناة كبح,Channel kerb,01,060201,06020101,50000,,40,50
cls_06020104,06,البنية التحتية لوسائل النقل,Transportation Infrastructure,02,تصريف المياه,Drainage,01,قناة كبح,Channel kerb,04,060201,06020104,50000,,40,50
cls_06020201,06,البنية التحتية لوسائل النقل,Transportation Infrastructure,02,تصريف المياه,Drainage,02,قناة تحت الأرض للمياه,Culvert,01,060202,06020201,50000,,40,50
cls_06020204,06,البنية التحتية لوسائل النقل,Transportation Infrastructure,02,تصريف المياه,Drainage,02,قناة تحت الأرض للمياه,Culvert,04,060202,06020204,50000,,40,50
cls_06020301,06,البنية التحتية لوسائل النقل,Transportation Infrastructure,02,تصريف المياه,Drainage,03,فتحة,Manhole,01,060203,06020301,50000,,40,50
cls_06020304,06,البنية التحتية لوسائل النقل,Transportation Infrastructure,02,تصريف المياه,Drainage,03,فتحة,Manhole,04,060203,06020304,50000,,40,50
cls_06020401,06,البنية التحتية لوسائل النقل,Transportation Infrastructure,02,تصريف المياه,Drainage,04,مصرف مياه مفتوح,Open Drains,01,060204,06020401,50000,,40,50
cls_06020404,06,البنية التحتية لوسائل النقل,Transportation Infrastructure,02,تصريف المياه,Drainage,04,مصرف مياه مفتوح,Open Drains,04,060204,06020404,50000,,40,50
cls_06030101,06,البنية التحتية لوسائل النقل,Transportation Infrastructure,03,انشاءات الموانئ,Port Structure,01,كاسر أمواج,Breakwater,01,060301,06030101,50000,,20,30
cls_06030104,06,البنية التحتية لوسائل النقل,Transportation Infrastructure,03,انشاءات الموانئ,Port Structure,01,كاسر أمواج,Breakwater,04,060301,06030104,50000,,20,30
cls_06030201,06,البنية التحتية لوسائل النقل,Transportation Infrastructure,03,انشاءات الموانئ,Port Structure,02,رصيف بضائع,Cargo Berth,01,060302,06030201,50000,,15,25
cls_06030204,06,البنية التحتية لوسائل النقل,Transportation Infrastructure,03,انشاءات الموانئ,Port Structure,02,رصيف بضائع,Cargo Berth,04,060302,06030204,50000,,15,25
cls_06030301,06,البنية التحتية لوسائل النقل,Transportation Infrastructure,03,انشاءات الموانئ,Port Structure,03,رصيف خفر السواحل,Coast Guard Berth,01,060303,06030301,50000,,15,25
cls_06030304,06,البنية التحتية لوسائل النقل,Transportation Infrastructure,03,انشاءات الموانئ,Port Structure,03,رصيف خفر السواحل,Coast Guard Berth,04,060303,06030304,50000,,15,25
cls_06030401,06,البنية التحتية لوسائل النقل,Transportation Infrastructure,03,انشاءات الموانئ,Port Structure,04,حاجز الميناء,Jetty,01,060304,06030401,50000,,25,35
cls_06030404,06,البنية التحتية لوسائل النقل,Transportation Infrastructure,03,انشاءات الموانئ,Port Structure,04,حاجز الميناء,Jetty,04,060304,06030404,50000,,25,35
cls_06030501,06,البنية التحتية لوسائل النقل,Transportation Infrastructure,03,انشاءات الموانئ,Port Structure,05,السور البحري,Seawall,01,060305,06030501,50000,,20,30
cls_06030504,06,البنية التحتية لوسائل النقل,Transportation Infrastructure,03,انشاءات الموانئ,Port Structure,05,السور البحري,Seawall,04,060305,06030504,50000,,20,30
cls_06030601,06,البنية التحتية لوسائل النقل,Transportation Infrastructure,03,انشاءات الموانئ,Port Structure,06,رصيف الخدمة,Service Berth,01,060306,06030601,50000,,15,25
cls_06030604,06,البنية التحتية لوسائل النقل,Transportation Infrastructure,03,انشاءات الموانئ,Port Structure,06,رصيف الخدمة,Service Berth,04,060306,06030604,50000,,15,25
cls_06040101,06,البنية التحتية لوسائل النقل,Transportation Infrastructure,04,انشاءات السكك الحديدية والطرق,Railway Structure and Road,01,جسر للسكك الحديدية,Railway bridge,01,060401,06040101,50000,,40,50
cls_06040104,06,البنية التحتية لوسائل النقل,Transportation Infrastructure,04,انشاءات السكك الحديدية والطرق,Railway Structure and Road,01,جسر للسكك الحديدية,Railway bridge,04,060401,06040104,50000,,40,50
cls_06040201,06,البنية التحتية لوسائل النقل,Transportation Infrastructure,04,انشاءات السكك الحديدية والطرق,Railway Structure and Road,02,محطة سكة حديد,Railway station,01,060402,06040201,50000,,40,50
cls_06040204,06,البنية التحتية لوسائل النقل,Transportation Infrastructure,04,انشاءات السكك الحديدية والطرق,Railway Structure and Road,02,محطة سكة حديد,Railway station,04,060402,06040204,50000,,40,50
cls_06040301,06,البنية التحتية لوسائل النقل,Transportation Infrastructure,04,انشاءات السكك الحديدية والطرق,Railway Structure and Road,03,مسار السكك الحديدية,Railway track,01,060403,06040301,50000,,40,50
cls_06040304,06,البنية التحتية لوسائل النقل,Transportation Infrastructure,04,انشاءات السكك الحديدية والطرق,Railway Structure and Road,03,مسار السكك الحديدية,Railway track,04,060403,06040304,50000,,40,50
cls_06040401,06,البنية التحتية لوسائل النقل,Transportation Infrastructure,04,انشاءات السكك الحديدية والطرق,Railway Structure and Road,04,نفق سكة حديد,Railway tunnel,01,060404,06040401,50000,,40,50
cls_06040404,06,البنية التحتية لوسائل النقل,Transportation Infrastructure,04,انشاءات السكك الحديدية والطرق,Railway Structure and Road,04,نفق سكة حديد,Railway tunnel,04,060404,06040404,50000,,40,50
cls_06040501,06,البنية التحتية لوسائل النقل,Transportation Infrastructure,04,انشاءات السكك الحديدية والطرق,Railway Structure and Road,05,مستودع ترام,Tramway depot,01,060405,06040501,50000,,25,35
cls_06040504,06,البنية التحتية لوسائل النقل,Transportation Infrastructure,04,انشاءات السكك الحديدية والطرق,Railway Structure and Road,05,مستودع ترام,Tramway depot,04,060405,06040504,50000,,25,35
cls_06040601,06,البنية التحتية لوسائل النقل,Transportation Infrastructure,04,انشاءات السكك الحديدية والطرق,Railway Structure and Road,06,منصة ترام,Tramway platform,01,060406,06040601,50000,,25,35
cls_06040604,06,البنية التحتية لوسائل النقل,Transportation Infrastructure,04,انشاءات السكك الحديدية والطرق,Railway Structure and Road,06,منصة ترام,Tramway platform,04,060406,06040604,50000,,25,35
cls_06040701,06,البنية التحتية لوسائل النقل,Transportation Infrastructure,04,انشاءات السكك الحديدية والطرق,Railway Structure and Road,07,محطة سكة حديد تحت الأرض,Underground railway station,01,060407,06040701,50000,,40,50
cls_06040704,06,البنية التحتية لوسائل النقل,Transportation Infrastructure,04,انشاءات السكك الحديدية والطرق,Railway Structure and Road,07,محطة سكة حديد تحت الأرض,Underground railway station,04,060407,06040704,50000,,40,50
cls_06050101,06,البنية التحتية لوسائل النقل,Transportation Infrastructure,05,أثاث الطرق,Road Furniture,01,لافتات الطرق التقليدية,Constant-message sign,01,060501,06050101,50000,,10,20
cls_06050104,06,البنية التحتية لوسائل النقل,Transportation Infrastructure,05,أثاث الطرق,Road Furniture,01,لافتات الطرق التقليدية,Constant-message sign,04,060501,06050104,50000,,10,20
cls_06050201,06,البنية التحتية لوسائل النقل,Transportation Infrastructure,05,أثاث الطرق,Road Furniture,02,أعمدة الإنارة,Lighting Poles,01,060502,06050201,50000,,15,25
cls_06050204,06,البنية التحتية لوسائل النقل,Transportation Infrastructure,05,أثاث الطرق,Road Furniture,02,أعمدة الإنارة,Lighting Poles,04,060502,06050204,50000,,15,25
cls_06050301,06,البنية التحتية لوسائل النقل,Transportation Infrastructure,05,أثاث الطرق,Road Furniture,03,حواجز الطريق,Road barriers,01,060503,06050301,50000,,10,20
cls_06050304,06,البنية التحتية لوسائل النقل,Transportation Infrastructure,05,أثاث الطرق,Road Furniture,03,حواجز الطريق,Road barriers,04,060503,06050304,50000,,10,20
cls_06050401,06,البنية التحتية لوسائل النقل,Transportation Infrastructure,05,أثاث الطرق,Road Furniture,04,معالجة المنحدر,Slope Treatment,01,060504,06050401,,,,
cls_06050404,06,البنية التحتية لوسائل النقل,Transportation Infrastructure,05,أثاث الطرق,Road Furniture,04,معالجة المنحدر,Slope Treatment,04,060504,06050404,,,,
cls_06050501,06,البنية التحتية لوسائل النقل,Transportation Infrastructure,05,أثاث الطرق,Road Furniture,05,إشارة المرور,Traffic Signal,01,060505,06050501,,,,
cls_06050504,06,البنية التحتية لوسائل النقل,Transportation Infrastructure,05,أثاث الطرق,Road Furniture,05,إشارة المرور,Traffic Signal,04,060505,06050504,,,,
cls_06050601,06,البنية التحتية لوسائل النقل,Transportation Infrastructure,05,أثاث الطرق,Road Furniture,06,لافتات الطرق الرقمية,Variable-message sign,01,060506,06050601,50000,,10,20
cls_06050604,06,البنية التحتية لوسائل النقل,Transportation Infrastructure,05,أثاث الطرق,Road Furniture,06,لافتات الطرق الرقمية,Variable-message sign,04,060506,06050604,50000,,10,20
cls_06060101,06,البنية التحتية لوسائل النقل,Transportation Infrastructure,06,الطرق,Roads,01,رصيف الشارع,Pavement,01,060601,06060101,,,,
cls_06060104,06,البنية التحتية لوسائل النقل,Transportation Infrastructure,06,الطرق,Roads,01,رصيف الشارع,Pavement,04,060601,06060104,,,,
cls_06060201,06,البنية التحتية لوسائل النقل,Transportation Infrastructure,06,الطرق,Roads,02,الدوار,Roundabout,01,060602,06060201,50000,,40,50
cls_06060204,06,البنية التحتية لوسائل النقل,Transportation Infrastructure,06,الطرق,Roads,02,الدوار,Roundabout,04,060602,06060204,50000,,40,50
cls_06060301,06,البنية التحتية لوسائل النقل,Transportation Infrastructure,06,الطرق,Roads,03,رصيف المشاة,Sidewalk,01,060603,06060301,,,,
cls_06060304,06,البنية التحتية لوسائل النقل,Transportation Infrastructure,06,الطرق,Roads,03,رصيف المشاة,Sidewalk,04,060603,06060304,,,,
cls_06060401,06,البنية التحتية لوسائل النقل,Transportation Infrastructure,06,الطرق,Roads,04,مطب السرعة,Speed Bump,01,060604,06060401,50000,,15,25
cls_06060404,06,البنية التحتية لوسائل النقل,Transportation Infrastructure,06,الطرق,Roads,04,مطب السرعة,Speed Bump,04,060604,06060404,50000,,15,25
cls_06060501,06,البنية التحتية لوسائل النقل,Transportation Infrastructure,06,الطرق,Roads,05,جزيرة تقسيم الطرق,Splitter island,01,060605,06060501,,,,
cls_06060504,06,البنية التحتية لوسائل النقل,Transportation Infrastructure,06,الطرق,Roads,05,جزيرة تقسيم الطرق,Splitter island,04,060605,06060504,,,,
cls_06060601,06,البنية التحتية لوسائل النقل,Transportation Infrastructure,06,الطرق,Roads,06,تسطيح للطرق,Surfacing,01,060606,06060601,50000,,15,25
cls_06060604,06,البنية التحتية لوسائل النقل,Transportation Infrastructure,06,الطرق,Roads,06,تسطيح للطرق,Surfacing,04,060606,06060604,50000,,15,25
cls_06070101,06,البنية التحتية لوسائل النقل,Transportation Infrastructure,07,انشاءات الطرق,Road Structures,01,جسور - قوسية,Bridges - Arch,01,060701,06070101,50000,,40,50
cls_06070104,06,البنية التحتية لوسائل النقل,Transportation Infrastructure,07,انشاءات الطرق,Road Structures,01,جسور - قوسية,Bridges - Arch,04,060701,06070104,50000,,40,50
cls_06070201,06,البنية التحتية لوسائل النقل,Transportation Infrastructure,07,انشاءات الطرق,Road Structures,02,جسور - صندوقية,Bridges - Box Girder,01,060702,06070201,50000,,40,50
cls_06070204,06,البنية التحتية لوسائل النقل,Transportation Infrastructure,07,انشاءات الطرق,Road Structures,02,جسور - صندوقية,Bridges - Box Girder,04,060702,06070204,50000,,40,50
cls_06070301,06,البنية التحتية لوسائل النقل,Transportation Infrastructure,07,انشاءات الطرق,Road Structures,03,جسور - مدعومة بالكوابل,Bridges - Cable Stayed,01,060703,06070301,50000,,40,50
cls_06070304,06,البنية التحتية لوسائل النقل,Transportation Infrastructure,07,انشاءات الطرق,Road Structures,03,جسور - مدعومة بالكوابل,Bridges - Cable Stayed,04,060703,06070304,50000,,40,50
cls_06070401,06,البنية التحتية لوسائل النقل,Transportation Infrastructure,07,انشاءات الطرق,Road Structures,04,جسور - متحركة,Bridges - Moving,01,060704,06070401,50000,,40,50
cls_06070404,06,البنية التحتية لوسائل النقل,Transportation Infrastructure,07,انشاءات الطرق,Road Structures,04,جسور - متحركة,Bridges - Moving,04,060704,06070404,50000,,40,50
cls_06070501,06,البنية التحتية لوسائل النقل,Transportation Infrastructure,07,انشاءات الطرق,Road Structures,05,جسور - معلقة,Bridges - Suspension,01,060705,06070501,50000,,40,50
cls_06070504,06,البنية التحتية لوسائل النقل,Transportation Infrastructure,07,انشاءات الطرق,Road Structures,05,جسور - معلقة,Bridges - Suspension,04,060705,06070504,50000,,40,50
cls_06070601,06,البنية التحتية لوسائل النقل,Transportation Infrastructure,07,انشاءات الطرق,Road Structures,06,الأنفاق,Tunnels,01,060706,06070601,50000,,40,50
cls_06070604,06,البنية التحتية لوسائل النقل,Transportation Infrastructure,07,انشاءات الطرق,Road Structures,06,الأنفاق,Tunnels,04,060706,06070604,50000,,40,50
cls_07010101,07,البنية التحتية للمياه والكهرباء,Water and Electrical Infrastructure,01,خطوط توزيع الكهرباء,Electric Distribution Lines,01,خطوط توزيع الطاقة الكهربائية العالية,High Electric Power Distribution Lines,01,070101,07010101,50000,,30,50
cls_07010104,07,البنية التحتية للمياه والكهرباء,Water and Electrical Infrastructure,01,خطوط توزيع الكهرباء,Electric Distribution Lines,01,خطوط توزيع الطاقة الكهربائية العالية,High Electric Power Distribution Lines,04,070101,07010104,50000,,30,50
cls_07010201,07,البنية التحتية للمياه والكهرباء,Water and Electrical Infrastructure,01,خطوط توزيع الكهرباء,Electric Distribution Lines,02,خطوط توزيع الطاقة الكهربائية المنخفضة,Low Electric Power Distribution Lines,01,070102,07010201,50000,,30,50
cls_07010204,07,البنية التحتية للمياه والكهرباء,Water and Electrical Infrastructure,01,خطوط توزيع الكهرباء,Electric Distribution Lines,02,خطوط توزيع الطاقة الكهربائية المنخفضة,Low Electric Power Distribution Lines,04,070102,07010204,50000,,30,50
cls_07020101,07,البنية التحتية للمياه والكهرباء,Water and Electrical Infrastructure,02,محطة التوزيع الفرعية,Distribution Substation,01,انشاءات محطة التوزيع الفرعية,Distribution Substation Structure,01,070201,07020101,50000,,30,50
cls_07020104,07,البنية التحتية للمياه والكهرباء,Water and Electrical Infrastructure,02,محطة التوزيع الفرعية,Distribution Substation,01,انشاءات محطة التوزيع الفرعية,Distribution Substation Structure,04,070201,07020104,50000,,30,50
cls_07030101,07,البنية التحتية للمياه والكهرباء,Water and Electrical Infrastructure,03,محطة توليد الطاقة,Generation Power Plant,01,انشاءات محطات الطاقة الشمسية,Solar power plants Structure,01,070301,07030101,50000,,40,50
cls_07030104,07,البنية التحتية للمياه والكهرباء,Water and Electrical Infrastructure,03,محطة توليد الطاقة,Generation Power Plant,01,انشاءات محطات الطاقة الشمسية,Solar power plants Structure,04,070301,07030104,50000,,40,50
cls_07030201,07,البنية التحتية للمياه والكهرباء,Water and Electrical Infrastructure,03,محطة توليد الطاقة,Generation Power Plant,02,انشاءات محطة الطاقة الحرارية,Thermal Power Plant  Structure,01,070302,07030201,50000,,40,50
cls_07030204,07,البنية التحتية للمياه والكهرباء,Water and Electrical Infrastructure,03,محطة توليد الطاقة,Generation Power Plant,02,انشاءات محطة الطاقة الحرارية,Thermal Power Plant  Structure,04,070302,07030204,50000,,40,50
cls_07030301,07,البنية التحتية للمياه والكهرباء,Water and Electrical Infrastructure,03,محطة توليد الطاقة,Generation Power Plant,03,انشاءات محطات طاقة الرياح,Wind power plants Structure,01,070303,07030301,50000,,40,50
cls_07030304,07,البنية التحتية للمياه والكهرباء,Water and Electrical Infrastructure,03,محطة توليد الطاقة,Generation Power Plant,03,انشاءات محطات طاقة الرياح,Wind power plants Structure,04,070303,07030304,50000,,40,50
cls_07040101,07,البنية التحتية للمياه والكهرباء,Water and Electrical Infrastructure,04,محطات الدفع,Lifting Stations,01,محطة دفع الصرف الصحي,Lifting Stations,01,070401,07040101,,,,
cls_07040104,07,البنية التحتية للمياه والكهرباء,Water and Electrical Infrastructure,04,محطات الدفع,Lifting Stations,01,محطة دفع الصرف الصحي,Lifting Stations,04,070401,07040104,,,,
cls_07050101,07,البنية التحتية للمياه والكهرباء,Water and Electrical Infrastructure,05,محطة تصريف مياه الأمطار,Rainwater Drainage Station,01,انشاءات محطة تصريف مياه الأمطار,Rainwater Drainage Station Structure,01,070501,07050101,50000,,40,50
cls_07050104,07,البنية التحتية للمياه والكهرباء,Water and Electrical Infrastructure,05,محطة تصريف مياه الأمطار,Rainwater Drainage Station,01,انشاءات محطة تصريف مياه الأمطار,Rainwater Drainage Station Structure,04,070501,07050104,50000,,40,50
cls_07060101,07,البنية التحتية للمياه والكهرباء,Water and Electrical Infrastructure,06,خطوط نقل الكهرباء,Electric Transmission Lines,01,خطوط نقل الطاقة الكهربائية,Electric Power Transmission Lines,01,070601,07060101,50000,,30,50
cls_07060104,07,البنية التحتية للمياه والكهرباء,Water and Electrical Infrastructure,06,خطوط نقل الكهرباء,Electric Transmission Lines,01,خطوط نقل الطاقة الكهربائية,Electric Power Transmission Lines,04,070601,07060104,50000,,30,50
cls_07070101,07,البنية التحتية للمياه والكهرباء,Water and Electrical Infrastructure,07,محطة الإرسال الفرعية,Transmission Substation,01,انشاءات محطة الإرسال الفرعية,Transmission Substation Structure,01,070701,07070101,50000,,30,50
cls_07070104,07,البنية التحتية للمياه والكهرباء,Water and Electrical Infrastructure,07,محطة الإرسال الفرعية,Transmission Substation,01,انشاءات محطة الإرسال الفرعية,Transmission Substation Structure,04,070701,07070104,50000,,30,50
cls_07080101,07,البنية التحتية للمياه والكهرباء,Water and Electrical Infrastructure,08,شبكة الصرف الصحي,Wastewater Network,01,أنابيب تجميع الصرف الصحي,Sewer Collection Pipe,01,070801,07080101,50000,,25,35
cls_07080104,07,البنية التحتية للمياه والكهرباء,Water and Electrical Infrastructure,08,شبكة الصرف الصحي,Wastewater Network,01,أنابيب تجميع الصرف الصحي,Sewer Collection Pipe,04,070801,07080104,50000,,25,35
cls_07080201,07,البنية التحتية للمياه والكهرباء,Water and Electrical Infrastructure,08,شبكة الصرف الصحي,Wastewater Network,02,منهل الصرف الصحي,Wastewater Manholes,01,070802,07080201,50000,,30,50
cls_07080204,07,البنية التحتية للمياه والكهرباء,Water and Electrical Infrastructure,08,شبكة الصرف الصحي,Wastewater Network,02,منهل الصرف الصحي,Wastewater Manholes,04,070802,07080204,50000,,30,50
cls_07090101,07,البنية التحتية للمياه والكهرباء,Water and Electrical Infrastructure,09,محطة معالجة مياه الصرف الصحي,Wastewater Treatment Plant,01,انشاءات محطة معالجة مياه الصرف الصحي,Wastewater Treatment Plant Structure,01,070901,07090101,50000,,40,50
cls_07090104,07,البنية التحتية للمياه والكهرباء,Water and Electrical Infrastructure,09,محطة معالجة مياه الصرف الصحي,Wastewater Treatment Plant,01,انشاءات محطة معالجة مياه الصرف الصحي,Wastewater Treatment Plant Structure,04,070901,07090104,50000,,40,50
cls_07100101,07,البنية التحتية للمياه والكهرباء,Water and Electrical Infrastructure,10,محطة تحلية المياه,Water Desalination Plant,01,انشاءات محطة تحلية المياه,Water Desalination Plant Structure,01,071001,07100101,50000,,40,50
cls_07100104,07,البنية التحتية للمياه والكهرباء,Water and Electrical Infrastructure,10,محطة تحلية المياه,Water Desalination Plant,01,انشاءات محطة تحلية المياه,Water Desalination Plant Structure,04,071001,07100104,50000,,40,50
cls_07110101,07,البنية التحتية للمياه والكهرباء,Water and Electrical Infrastructure,11,محطات تعبئة المياه,Water Filling Stations,01,انشاءات محطات تعبئة المياه,Water Filling Stations Structure,01,071101,07110101,50000,,40,50
cls_07110104,07,البنية التحتية للمياه والكهرباء,Water and Electrical Infrastructure,11,محطات تعبئة المياه,Water Filling Stations,01,انشاءات محطات تعبئة المياه,Water Filling Stations Structure,04,071101,07110104,50000,,40,50
cls_07120101,07,البنية التحتية للمياه والكهرباء,Water and Electrical Infrastructure,12,شبكة مياه,Water Network,01,خطوط تحلية المياه,Desalination Water Lines,01,071201,07120101,50000,,40,50
cls_07120104,07,البنية التحتية للمياه والكهرباء,Water and Electrical Infrastructure,12,شبكة مياه,Water Network,01,خطوط تحلية المياه,Desalination Water Lines,04,071201,07120104,50000,,40,50
cls_07120201,07,البنية التحتية للمياه والكهرباء,Water and Electrical Infrastructure,12,شبكة مياه,Water Network,02,خطوط تجميع مياه الأمطار,Rainwater collection Lines,01,071202,07120201,50000,,25,35
cls_07120204,07,البنية التحتية للمياه والكهرباء,Water and Electrical Infrastructure,12,شبكة مياه,Water Network,02,خطوط تجميع مياه الأمطار,Rainwater collection Lines,04,071202,07120204,50000,,25,35
cls_07120301,07,البنية التحتية للمياه والكهرباء,Water and Electrical Infrastructure,12,شبكة مياه,Water Network,03,خطوط المياه العادمة المعالجة,Treated Sewage Effluent Line,01,071203,07120301,50000,,25,45
cls_07120304,07,البنية التحتية للمياه والكهرباء,Water and Electrical Infrastructure,12,شبكة مياه,Water Network,03,خطوط المياه العادمة المعالجة,Treated Sewage Effluent Line,04,071203,07120304,50000,,25,45
cls_07120401,07,البنية التحتية للمياه والكهرباء,Water and Electrical Infrastructure,12,شبكة مياه,Water Network,04,خط توزيع المياه,Water Distribution Line,01,071204,07120401,50000,,40,50
cls_07120404,07,البنية التحتية للمياه والكهرباء,Water and Electrical Infrastructure,12,شبكة مياه,Water Network,04,خط توزيع المياه,Water Distribution Line,04,071204,07120404,50000,,40,50
cls_07120501,07,البنية التحتية للمياه والكهرباء,Water and Electrical Infrastructure,12,شبكة مياه,Water Network,05,خطوط نقل المياه,Water Transmission Lines,01,071205,07120501,50000,,40,50
cls_07120504,07,البنية التحتية للمياه والكهرباء,Water and Electrical Infrastructure,12,شبكة مياه,Water Network,05,خطوط نقل المياه,Water Transmission Lines,04,071205,07120504,50000,,40,50
cls_07130101,07,البنية التحتية للمياه والكهرباء,Water and Electrical Infrastructure,13,محطة ضخ المياه,Water Pumping Station,01,انشاءات محطة ضخ المياه,Water Pumping Station Structure,01,071301,07130101,50000,,40,50
cls_07130104,07,البنية التحتية للمياه والكهرباء,Water and Electrical Infrastructure,13,محطة ضخ المياه,Water Pumping Station,01,انشاءات محطة ضخ المياه,Water Pumping Station Structure,04,071301,07130104,50000,,40,50
cls_07140101,07,البنية التحتية للمياه والكهرباء,Water and Electrical Infrastructure,14,هيكل سدود المياه,Dam,01,هيكل سدود المياه,Water dam Structure,01,071401,07140101,50000,,40,50
cls_07140104,07,البنية التحتية للمياه والكهرباء,Water and Electrical Infrastructure,14,هيكل سدود المياه,Dam,01,هيكل سدود المياه,Water dam Structure,04,071401,07140104,50000,,40,50
cls_07150101,07,البنية التحتية للمياه والكهرباء,Water and Electrical Infrastructure,15,خزانات ماء,Water Tanks,01,انشاءات خزانات المياه,Water Tanks Structure,01,071501,07150101,50000,,35,50
cls_07150104,07,البنية التحتية للمياه والكهرباء,Water and Electrical Infrastructure,15,خزانات ماء,Water Tanks,01,انشاءات خزانات المياه,Water Tanks Structure,04,071501,07150104,50000,,35,50
cls_07160101,07,البنية التحتية للمياه والكهرباء,Water and Electrical Infrastructure,16,محطة لمعالجة المياه,Water Treatment Plant,01,انشاءات محطة لمعالجة المياه,Water Treatment Plant Structure,01,071601,07160101,50000,,40,50
cls_07160104,07,البنية التحتية للمياه والكهرباء,Water and Electrical Infrastructure,16,محطة لمعالجة المياه,Water Treatment Plant,01,انشاءات محطة لمعالجة المياه,Water Treatment Plant Structure,04,071601,07160104,50000,,40,50
cls_07170101,07,البنية التحتية للمياه والكهرباء,Water and Electrical Infrastructure,17,آبار المياه,Water Wells,01,انشاءات آبار المياه,Water Wells Structure,01,071701,07170101,50000,,30,50
cls_07170104,07,البنية التحتية للمياه والكهرباء,Water and Electrical Infrastructure,17,آبار المياه,Water Wells,01,انشاءات آبار المياه,Water Wells Structure,04,071701,07170104,50000,,30,50
cls_08010101,08,بنية تحتية – أخرى,Other Infrastructure,01,أعمال مدنية,Civil Works,01,انشاءات مدنية,Civil Structures,01,080101,08010101,50000,,30,50
cls_08010104,08,بنية تحتية – أخرى,Other Infrastructure,01,أعمال مدنية,Civil Works,01,انشاءات مدنية,Civil Structures,04,080101,08010104,50000,,30,50
cls_08010201,08,بنية تحتية – أخرى,Other Infrastructure,01,أعمال مدنية,Civil Works,02,أعمال الأرض,Earthworks,01,080102,08010201,50000,,40,50
cls_08010204,08,بنية تحتية – أخرى,Other Infrastructure,01,أعمال مدنية,Civil Works,02,أعمال الأرض,Earthworks,04,080102,08010204,50000,,40,50
cls_08010301,08,بنية تحتية – أخرى,Other Infrastructure,01,أعمال مدنية,Civil Works,03,موقف سيارات,Parking,01,080103,08010301,50000,,40,50
cls_08010304,08,بنية تحتية – أخرى,Other Infrastructure,01,أعمال مدنية,Civil Works,03,موقف سيارات,Parking,04,080103,08010304,50000,,40,50
cls_08010401,08,بنية تحتية – أخرى,Other Infrastructure,01,أعمال مدنية,Civil Works,04,جدار ساند,Retaining Wall,01,080104,08010401,50000,,20,30
cls_08010404,08,بنية تحتية – أخرى,Other Infrastructure,01,أعمال مدنية,Civil Works,04,جدار ساند,Retaining Wall,04,080104,08010404,50000,,20,30
cls_08020101,08,بنية تحتية – أخرى,Other Infrastructure,02,البوابات والأسوار,Gates And Fences,01,جدار خرساني,Concreate Wall,01,080201,08020101,50000,,30,40
cls_08020104,08,بنية تحتية – أخرى,Other Infrastructure,02,البوابات والأسوار,Gates And Fences,01,جدار خرساني,Concreate Wall,04,080201,08020104,50000,,30,40
cls_08020201,08,بنية تحتية – أخرى,Other Infrastructure,02,البوابات والأسوار,Gates And Fences,02,البوابات,Gates,01,080202,08020201,50000,,10,20
cls_08020204,08,بنية تحتية – أخرى,Other Infrastructure,02,البوابات والأسوار,Gates And Fences,02,البوابات,Gates,04,080202,08020204,50000,,10,20
cls_08020301,08,بنية تحتية – أخرى,Other Infrastructure,02,البوابات والأسوار,Gates And Fences,03,الأسوار المعدنية,Metal Fence,01,080203,08020301,50000,,20,30
cls_08020304,08,بنية تحتية – أخرى,Other Infrastructure,02,البوابات والأسوار,Gates And Fences,03,الأسوار المعدنية,Metal Fence,04,080203,08020304,50000,,20,30
cls_08030101,08,بنية تحتية – أخرى,Other Infrastructure,03,المناظر الطبيعية,Landscape,01,المناظر الطبيعية,Landscape,01,080301,08030101,50000,,25,35
cls_08030104,08,بنية تحتية – أخرى,Other Infrastructure,03,المناظر الطبيعية,Landscape,01,المناظر الطبيعية,Landscape,04,080301,08030104,50000,,25,35
cls_08040101,08,بنية تحتية – أخرى,Other Infrastructure,04,استخراج النفط والغاز,Oil and Gas Extraction,01,منصة نفطية بحرية,Offshore drilling rig,01,080401,08040101,50000,,7,12
cls_08040104,08,بنية تحتية – أخرى,Other Infrastructure,04,استخراج النفط والغاز,Oil and Gas Extraction,01,منصة نفطية بحرية,Offshore drilling rig,04,080401,08040104,50000,,7,12
cls_08040201,08,بنية تحتية – أخرى,Other Infrastructure,04,استخراج النفط والغاز,Oil and Gas Extraction,02,منصة نفطية برية,Onshore drilling rig,01,080402,08040201,50000,,10,20
cls_08040204,08,بنية تحتية – أخرى,Other Infrastructure,04,استخراج النفط والغاز,Oil and Gas Extraction,02,منصة نفطية برية,Onshore drilling rig,04,080402,08040204,50000,,10,20
cls_08050101,08,بنية تحتية – أخرى,Other Infrastructure,05,تخزين النفط,Oil and Gas Storage,01,الخزانات فوق سطح الأرض,Above Ground Tanks,01,080501,08050101,50000,,25,35
cls_08050104,08,بنية تحتية – أخرى,Other Infrastructure,05,تخزين النفط,Oil and Gas Storage,01,الخزانات فوق سطح الأرض,Above Ground Tanks,04,080501,08050104,50000,,25,35
cls_08050201,08,بنية تحتية – أخرى,Other Infrastructure,05,تخزين النفط,Oil and Gas Storage,02,خزانات تحت الأرض,Below Ground reservoirs,01,080502,08050201,50000,,30,50
cls_08050204,08,بنية تحتية – أخرى,Other Infrastructure,05,تخزين النفط,Oil and Gas Storage,02,خزانات تحت الأرض,Below Ground reservoirs,04,080502,08050204,50000,,30,50
cls_08060101,08,بنية تحتية – أخرى,Other Infrastructure,06,نقل النفط والغاز,Oil and Gas Transmission,01,خطوط انابيب الغاز,Gas Pipelines,01,080601,08060101,50000,,25,45
cls_08060104,08,بنية تحتية – أخرى,Other Infrastructure,06,نقل النفط والغاز,Oil and Gas Transmission,01,خطوط انابيب الغاز,Gas Pipelines,04,080601,08060104,50000,,25,45
cls_08060201,08,بنية تحتية – أخرى,Other Infrastructure,06,نقل النفط والغاز,Oil and Gas Transmission,02,خطوط النفط,Oil Pipelines,01,080602,08060201,50000,,25,45
cls_08060204,08,بنية تحتية – أخرى,Other Infrastructure,06,نقل النفط والغاز,Oil and Gas Transmission,02,خطوط النفط,Oil Pipelines,04,080602,08060204,50000,,25,45
cls_08070101,08,بنية تحتية – أخرى,Other Infrastructure,07,انشاءات الموقع,Site Structure,01,ابراج الاتصالات,Tower,01,080701,08070101,50000,,25,30
cls_08070104,08,بنية تحتية – أخرى,Other Infrastructure,07,انشاءات الموقع,Site Structure,01,ابراج الاتصالات,Tower,04,080701,08070104,50000,,25,30
cls_08080101,08,بنية تحتية – أخرى,Other Infrastructure,08,خطوط نقل الاتصالات,Telecommunication Transmission Lines,01,كابلات محورية,Coaxial Cable,01,080801,08080101,50000,,20,30
cls_08080104,08,بنية تحتية – أخرى,Other Infrastructure,08,خطوط نقل الاتصالات,Telecommunication Transmission Lines,01,كابلات محورية,Coaxial Cable,04,080801,08080104,50000,,20,30
cls_08080201,08,بنية تحتية – أخرى,Other Infrastructure,08,خطوط نقل الاتصالات,Telecommunication Transmission Lines,02,كابل ألياف بصرية,Fiber Optic Cable,01,080802,08080201,50000,,15,25
cls_08080204,08,بنية تحتية – أخرى,Other Infrastructure,08,خطوط نقل الاتصالات,Telecommunication Transmission Lines,02,كابل ألياف بصرية,Fiber Optic Cable,04,080802,08080204,50000,,15,25
cls_08080301,08,بنية تحتية – أخرى,Other Infrastructure,08,خطوط نقل الاتصالات,Telecommunication Transmission Lines,03,كابل ثنائي ملفوف,Twisted Pair Cable,01,080803,08080301,50000,,20,30
cls_08080304,08,بنية تحتية – أخرى,Other Infrastructure,08,خطوط نقل الاتصالات,Telecommunication Transmission Lines,03,كابل ثنائي ملفوف,Twisted Pair Cable,04,080803,08080304,50000,,20,30
cls_09010101,09,الأثاث والتجهيزات,Furniture and Fixtures,01,التركيبات والتجهيزات,Fixtures and Fittings,01,أعمال فنية,Art Work,01,090101,09010101,1000,10000,5,10
cls_09010104,09,الأثاث والتجهيزات,Furniture and Fixtures,01,التركيبات والتجهيزات,Fixtures and Fittings,01,أعمال فنية,Art Work,04,090101,09010104,1000,10000,5,10
cls_09010201,09,الأثاث والتجهيزات,Furniture and Fixtures,01,التركيبات والتجهيزات,Fixtures and Fittings,02,ستائر,Curtains,01,090102,09010201,1000,10000,5,10
cls_09010204,09,الأثاث والتجهيزات,Furniture and Fixtures,01,التركيبات والتجهيزات,Fixtures and Fittings,02,ستائر,Curtains,04,090102,09010204,1000,10000,5,10
cls_09010301,09,الأثاث والتجهيزات,Furniture and Fixtures,01,التركيبات والتجهيزات,Fixtures and Fittings,03,الديكور والأقسام,Decorations & Partitions,01,090103,09010301,1000,10000,5,10
cls_09010304,09,الأثاث والتجهيزات,Furniture and Fixtures,01,التركيبات والتجهيزات,Fixtures and Fittings,03,الديكور والأقسام,Decorations & Partitions,04,090103,09010304,1000,10000,5,10
cls_09010401,09,الأثاث والتجهيزات,Furniture and Fixtures,01,التركيبات والتجهيزات,Fixtures and Fittings,04,المصابيح وأباجورة,Lamps and lampshades,01,090104,09010401,1000,10000,5,10
cls_09010404,09,الأثاث والتجهيزات,Furniture and Fixtures,01,التركيبات والتجهيزات,Fixtures and Fittings,04,المصابيح وأباجورة,Lamps and lampshades,04,090104,09010404,1000,10000,5,10
cls_09010501,09,الأثاث والتجهيزات,Furniture and Fixtures,01,التركيبات والتجهيزات,Fixtures and Fittings,05,تركيبات الإضاءة,Lighting Fixtures,01,090105,09010501,1000,10000,5,10
cls_09010504,09,الأثاث والتجهيزات,Furniture and Fixtures,01,التركيبات والتجهيزات,Fixtures and Fittings,05,تركيبات الإضاءة,Lighting Fixtures,04,090105,09010504,1000,10000,5,10
cls_09010601,09,الأثاث والتجهيزات,Furniture and Fixtures,01,التركيبات والتجهيزات,Fixtures and Fittings,06,النباتات محفوظ بوعاء والشجيرات,Potted Plants and shrubs,01,090106,09010601,1000,10000,5,10
cls_09010604,09,الأثاث والتجهيزات,Furniture and Fixtures,01,التركيبات والتجهيزات,Fixtures and Fittings,06,النباتات محفوظ بوعاء والشجيرات,Potted Plants and shrubs,04,090106,09010604,1000,10000,5,10
cls_09020101,09,الأثاث والتجهيزات,Furniture and Fixtures,02,الأثاث,Furniture,01,أسرة,Beds,01,090201,09020101,1000,10000,5,10
cls_09020104,09,الأثاث والتجهيزات,Furniture and Fixtures,02,الأثاث,Furniture,01,أسرة,Beds,04,090201,09020104,1000,10000,5,10
cls_09020201,09,الأثاث والتجهيزات,Furniture and Fixtures,02,الأثاث,Furniture,02,عربات مجرورة,Carts,01,090202,09020201,1000,10000,5,10
cls_09020204,09,الأثاث والتجهيزات,Furniture and Fixtures,02,الأثاث,Furniture,02,عربات مجرورة,Carts,04,090202,09020204,1000,10000,5,10
cls_09020301,09,الأثاث والتجهيزات,Furniture and Fixtures,02,الأثاث,Furniture,03,كراسي للجلوس,Chairs,01,090203,09020301,1000,10000,5,10
cls_09020304,09,الأثاث والتجهيزات,Furniture and Fixtures,02,الأثاث,Furniture,03,كراسي للجلوس,Chairs,04,090203,09020304,1000,10000,5,10
cls_09020401,09,الأثاث والتجهيزات,Furniture and Fixtures,02,الأثاث,Furniture,04,مكاتب، مقاعد واستاندات,"Desks, Benches and Stands",01,090204,09020401,1000,10000,5,10
cls_09020404,09,الأثاث والتجهيزات,Furniture and Fixtures,02,الأثاث,Furniture,04,مكاتب، مقاعد واستاندات,"Desks, Benches and Stands",04,090204,09020404,1000,10000,5,10
cls_09020501,09,الأثاث والتجهيزات,Furniture and Fixtures,02,الأثاث,Furniture,05,جلسات,Seating,01,090205,09020501,1000,10000,5,10
cls_09020504,09,الأثاث والتجهيزات,Furniture and Fixtures,02,الأثاث,Furniture,05,جلسات,Seating,04,090205,09020504,1000,10000,5,10
cls_09020601,09,الأثاث والتجهيزات,Furniture and Fixtures,02,الأثاث,Furniture,06,سقيفه,Sheds,01,090206,09020601,1000,10000,5,10
cls_09020604,09,الأثاث والتجهيزات,Furniture and Fixtures,02,الأثاث,Furniture,06,سقيفه,Sheds,04,090206,09020604,1000,10000,5,10
cls_09020701,09,الأثاث والتجهيزات,Furniture and Fixtures,02,الأثاث,Furniture,07,الخزائن,Storage & Cabinets,01,090207,09020701,1000,10000,5,10
cls_09020704,09,الأثاث والتجهيزات,Furniture and Fixtures,02,الأثاث,Furniture,07,الخزائن,Storage & Cabinets,04,090207,09020704,1000,10000,5,10
cls_09020801,09,الأثاث والتجهيزات,Furniture and Fixtures,02,الأثاث,Furniture,08,الطاولات,Tables,01,090208,09020801,1000,10000,5,10
cls_09020804,09,الأثاث والتجهيزات,Furniture and Fixtures,02,الأثاث,Furniture,08,الطاولات,Tables,04,090208,09020804,1000,10000,5,10
cls_09030101,09,الأثاث والتجهيزات,Furniture and Fixtures,03,الآلات المكتبة,Office Machines,01,آلات تحقق الإقرار والكتابة,Check Endorsing And Writing Machines,01,090301,09030101,1000,10000,3,7
cls_09030104,09,الأثاث والتجهيزات,Furniture and Fixtures,03,الآلات المكتبة,Office Machines,01,آلات تحقق الإقرار والكتابة,Check Endorsing And Writing Machines,04,090301,09030104,1000,10000,3,7
cls_09030201,09,الأثاث والتجهيزات,Furniture and Fixtures,03,الآلات المكتبة,Office Machines,02,آلات ناسخة,Duplicating Machines,01,090302,09030201,1000,10000,3,7
cls_09030204,09,الأثاث والتجهيزات,Furniture and Fixtures,03,الآلات المكتبة,Office Machines,02,آلات ناسخة,Duplicating Machines,04,090302,09030204,1000,10000,3,7
cls_09030301,09,الأثاث والتجهيزات,Furniture and Fixtures,03,الآلات المكتبة,Office Machines,03,آلات وضع علامات,Labeling Machines,01,090303,09030301,1000,10000,3,7
cls_09030304,09,الأثاث والتجهيزات,Furniture and Fixtures,03,الآلات المكتبة,Office Machines,03,آلات وضع علامات,Labeling Machines,04,090303,09030304,1000,10000,3,7
cls_09030401,09,الأثاث والتجهيزات,Furniture and Fixtures,03,الآلات المكتبة,Office Machines,04,آلة ضبط أوقات العمل,Office Time Recording Machines,01,090304,09030401,1000,10000,3,7
cls_09030404,09,الأثاث والتجهيزات,Furniture and Fixtures,03,الآلات المكتبة,Office Machines,04,آلة ضبط أوقات العمل,Office Time Recording Machines,04,090304,09030404,1000,10000,3,7
cls_09030501,09,الأثاث والتجهيزات,Furniture and Fixtures,03,الآلات المكتبة,Office Machines,05,آلات التعبئة والتغليف,Packing Machines,01,090305,09030501,1000,10000,3,7
cls_09030504,09,الأثاث والتجهيزات,Furniture and Fixtures,03,الآلات المكتبة,Office Machines,05,آلات التعبئة والتغليف,Packing Machines,04,090305,09030504,1000,10000,3,7
cls_09030601,09,الأثاث والتجهيزات,Furniture and Fixtures,03,الآلات المكتبة,Office Machines,06,آلات معالجة الورق,Paper Processing Machines,01,090306,09030601,1000,10000,3,7
cls_09030604,09,الأثاث والتجهيزات,Furniture and Fixtures,03,الآلات المكتبة,Office Machines,06,آلات معالجة الورق,Paper Processing Machines,04,090306,09030604,1000,10000,3,7
cls_09030701,09,الأثاث والتجهيزات,Furniture and Fixtures,03,الآلات المكتبة,Office Machines,07,آلات الفرز,Sorting Machines,01,090307,09030701,1000,10000,3,7
cls_09030704,09,الأثاث والتجهيزات,Furniture and Fixtures,03,الآلات المكتبة,Office Machines,07,آلات الفرز,Sorting Machines,04,090307,09030704,1000,10000,3,7
cls_09030801,09,الأثاث والتجهيزات,Furniture and Fixtures,03,الآلات المكتبة,Office Machines,08,آلات الطباعة,Typing Machines,01,090308,09030801,1000,10000,3,7
cls_09030804,09,الأثاث والتجهيزات,Furniture and Fixtures,03,الآلات المكتبة,Office Machines,08,آلات الطباعة,Typing Machines,04,090308,09030804,1000,10000,3,7
cls_10010101,10,معدات النقل البري,Land Transportation equipment,01,المركبات الثقيلة,Heavy Duty Vehicles,01,الجرارات,Tractors,01,100101,10010101,,,10,15
cls_10010104,10,معدات النقل البري,Land Transportation equipment,01,المركبات الثقيلة,Heavy Duty Vehicles,01,الجرارات,Tractors,04,100101,10010104,,,10,15
cls_10010201,10,معدات النقل البري,Land Transportation equipment,01,المركبات الثقيلة,Heavy Duty Vehicles,02,مقطورة,Trailers,01,100102,10010201,,,10,15
cls_10010204,10,معدات النقل البري,Land Transportation equipment,01,المركبات الثقيلة,Heavy Duty Vehicles,02,مقطورة,Trailers,04,100102,10010204,,,10,15
cls_10010301,10,معدات النقل البري,Land Transportation equipment,01,المركبات الثقيلة,Heavy Duty Vehicles,03,الشاحنات,Trucks,01,100103,10010301,,,10,15
cls_10010304,10,معدات النقل البري,Land Transportation equipment,01,المركبات الثقيلة,Heavy Duty Vehicles,03,الشاحنات,Trucks,04,100103,10010304,,,10,15
cls_10020101,10,معدات النقل البري,Land Transportation equipment,02,المركبات الخفيفة,Light Duty Vehicles,01,الباصات,Buses,01,100201,10020101,,,3,7
cls_10020104,10,معدات النقل البري,Land Transportation equipment,02,المركبات الخفيفة,Light Duty Vehicles,01,الباصات,Buses,04,100201,10020104,,,3,7
cls_10020201,10,معدات النقل البري,Land Transportation equipment,02,المركبات الخفيفة,Light Duty Vehicles,02,سيارات,Cars,01,100202,10020201,,,3,7
cls_10020204,10,معدات النقل البري,Land Transportation equipment,02,المركبات الخفيفة,Light Duty Vehicles,02,سيارات,Cars,04,100202,10020204,,,3,7
cls_10020301,10,معدات النقل البري,Land Transportation equipment,02,المركبات الخفيفة,Light Duty Vehicles,03,دراجات نارية,Motorcycles,01,100203,10020301,,,3,7
cls_10020304,10,معدات النقل البري,Land Transportation equipment,02,المركبات الخفيفة,Light Duty Vehicles,03,دراجات نارية,Motorcycles,04,100203,10020304,,,3,7
cls_10030101,10,معدات النقل البري,Land Transportation equipment,03,السكك الحديدية والترام,Railway and Tramway,01,عربات الكهربائية,Electric Trolleys,01,100301,10030101,,,25,35
cls_10030104,10,معدات النقل البري,Land Transportation equipment,03,السكك الحديدية والترام,Railway and Tramway,01,عربات الكهربائية,Electric Trolleys,04,100301,10030104,,,25,35
cls_10030201,10,معدات النقل البري,Land Transportation equipment,03,السكك الحديدية والترام,Railway and Tramway,02,القاطرات,Locomotives,01,100302,10030201,,,30,50
cls_10030204,10,معدات النقل البري,Land Transportation equipment,03,السكك الحديدية والترام,Railway and Tramway,02,القاطرات,Locomotives,04,100302,10030204,,,30,50
cls_10030301,10,معدات النقل البري,Land Transportation equipment,03,السكك الحديدية والترام,Railway and Tramway,03,قطارات السكك الحديدية والترام,Railway and Tramway Cars,01,100303,10030301,,,25,35
cls_10030304,10,معدات النقل البري,Land Transportation equipment,03,السكك الحديدية والترام,Railway and Tramway,03,قطارات السكك الحديدية والترام,Railway and Tramway Cars,04,100303,10030304,,,25,35
cls_10040101,10,معدات النقل البري,Land Transportation equipment,04,المركبات المتخصصة,Specialized Vehicles,01,سيارات الإسعاف,Ambulances,01,100401,10040101,,,10,15
cls_10040104,10,معدات النقل البري,Land Transportation equipment,04,المركبات المتخصصة,Specialized Vehicles,01,سيارات الإسعاف,Ambulances,04,100401,10040104,,,10,15
cls_10040201,10,معدات النقل البري,Land Transportation equipment,04,المركبات المتخصصة,Specialized Vehicles,02,مركبات قتال مصفحة,Armored fighting vehicles,01,100402,10040201,,,10,15
cls_10040204,10,معدات النقل البري,Land Transportation equipment,04,المركبات المتخصصة,Specialized Vehicles,02,مركبات قتال مصفحة,Armored fighting vehicles,04,100402,10040204,,,10,15
cls_10040301,10,معدات النقل البري,Land Transportation equipment,04,المركبات المتخصصة,Specialized Vehicles,03,مركبة مدرعة,Armored vehicle,01,100403,10040301,,,10,15
cls_10040304,10,معدات النقل البري,Land Transportation equipment,04,المركبات المتخصصة,Specialized Vehicles,03,مركبة مدرعة,Armored vehicle,04,100403,10040304,,,10,15
cls_10040401,10,معدات النقل البري,Land Transportation equipment,04,المركبات المتخصصة,Specialized Vehicles,04,شاحنة لمكافحة الحرائق,Firefighting truck,01,100404,10040401,,,10,15
cls_10040404,10,معدات النقل البري,Land Transportation equipment,04,المركبات المتخصصة,Specialized Vehicles,04,شاحنة لمكافحة الحرائق,Firefighting truck,04,100404,10040404,,,10,15
cls_10040501,10,معدات النقل البري,Land Transportation equipment,04,المركبات المتخصصة,Specialized Vehicles,05,دبابات حربية,Military Tanks,01,100405,10040501,,,10,15
cls_10040504,10,معدات النقل البري,Land Transportation equipment,04,المركبات المتخصصة,Specialized Vehicles,05,دبابات حربية,Military Tanks,04,100405,10040504,,,10,15
cls_10040601,10,معدات النقل البري,Land Transportation equipment,04,المركبات المتخصصة,Specialized Vehicles,06,شاحنة الإنقاذ,Rescue truck,01,100406,10040601,,,10,15
cls_10040604,10,معدات النقل البري,Land Transportation equipment,04,المركبات المتخصصة,Specialized Vehicles,06,شاحنة الإنقاذ,Rescue truck,04,100406,10040604,,,10,15
cls_10040701,10,معدات النقل البري,Land Transportation equipment,04,المركبات المتخصصة,Specialized Vehicles,07,المدفعية ذاتية الحركة,Self-propelled artillery,01,100407,10040701,,,10,15
cls_10040704,10,معدات النقل البري,Land Transportation equipment,04,المركبات المتخصصة,Specialized Vehicles,07,المدفعية ذاتية الحركة,Self-propelled artillery,04,100407,10040704,,,10,15
cls_11010101,11,معدات النقل الجوي,Air Transportation equipment,01,منطاد,Airship,01,منطاد المراقبة,Blimp,01,110101,11010101,10000,,7,12
cls_11010104,11,معدات النقل الجوي,Air Transportation equipment,01,منطاد,Airship,01,منطاد المراقبة,Blimp,04,110101,11010104,10000,,7,12
cls_11010201,11,معدات النقل الجوي,Air Transportation equipment,01,منطاد,Airship,02,منطاد,Hot Air Balloons,01,110102,11010201,10000,,15,25
cls_11010204,11,معدات النقل الجوي,Air Transportation equipment,01,منطاد,Airship,02,منطاد,Hot Air Balloons,04,110102,11010204,10000,,15,25
cls_11020101,11,معدات النقل الجوي,Air Transportation equipment,02,الطائرات ذات الأجنحة الثابتة,Fixed Wing,01,طائرات المقاتلة,Combat Aircraft,01,110201,11020101,10000,,10,20
cls_11020104,11,معدات النقل الجوي,Air Transportation equipment,02,الطائرات ذات الأجنحة الثابتة,Fixed Wing,01,طائرات المقاتلة,Combat Aircraft,04,110201,11020104,10000,,10,20
cls_11020201,11,معدات النقل الجوي,Air Transportation equipment,02,الطائرات ذات الأجنحة الثابتة,Fixed Wing,02,طائرة شراعية,Gliders,01,110202,11020201,10000,,7,12
cls_11020204,11,معدات النقل الجوي,Air Transportation equipment,02,الطائرات ذات الأجنحة الثابتة,Fixed Wing,02,طائرة شراعية,Gliders,04,110202,11020204,10000,,7,12
cls_11020301,11,معدات النقل الجوي,Air Transportation equipment,02,الطائرات ذات الأجنحة الثابتة,Fixed Wing,03,الطائرات غير القتالية,Non-combat Aircraft,01,110203,11020301,10000,,10,15
cls_11020304,11,معدات النقل الجوي,Air Transportation equipment,02,الطائرات ذات الأجنحة الثابتة,Fixed Wing,03,الطائرات غير القتالية,Non-combat Aircraft,04,110203,11020304,10000,,10,15
cls_11030101,11,معدات النقل الجوي,Air Transportation equipment,03,الطائرات ذات الأجنحة الدوارة,Rotary Wing,01,المروحيات القتالية,Combat Helicopters,01,110301,11030101,10000,,25,35
cls_11030104,11,معدات النقل الجوي,Air Transportation equipment,03,الطائرات ذات الأجنحة الدوارة,Rotary Wing,01,المروحيات القتالية,Combat Helicopters,04,110301,11030104,10000,,25,35
cls_11030201,11,معدات النقل الجوي,Air Transportation equipment,03,الطائرات ذات الأجنحة الدوارة,Rotary Wing,02,المروحيات غير قتالية,Non-combat Helicopters,01,110302,11030201,10000,,20,30
cls_11030204,11,معدات النقل الجوي,Air Transportation equipment,03,الطائرات ذات الأجنحة الدوارة,Rotary Wing,02,المروحيات غير قتالية,Non-combat Helicopters,04,110302,11030204,10000,,20,30
cls_11040101,11,معدات النقل الجوي,Air Transportation equipment,04,مركبة فضائية,Spacecraft,01,الأقمار الصناعية,Satellites,01,110401,11040101,10000,,5,15
cls_11040104,11,معدات النقل الجوي,Air Transportation equipment,04,مركبة فضائية,Spacecraft,01,الأقمار الصناعية,Satellites,04,110401,11040104,10000,,5,15
cls_11040201,11,معدات النقل الجوي,Air Transportation equipment,04,مركبة فضائية,Spacecraft,02,سفن الفضاء,Spaceships,01,110402,11040201,10000,,5,15
cls_11040204,11,معدات النقل الجوي,Air Transportation equipment,04,مركبة فضائية,Spacecraft,02,سفن الفضاء,Spaceships,04,110402,11040204,10000,,5,15
cls_11050101,11,معدات النقل الجوي,Air Transportation equipment,05,الطائرات المتخصصة,Specialized Aircraft,01,طائرات بدون طيار,Drones,01,110501,11050101,10000,,7,12
cls_11050104,11,معدات النقل الجوي,Air Transportation equipment,05,الطائرات المتخصصة,Specialized Aircraft,01,طائرات بدون طيار,Drones,04,110501,11050104,10000,,7,12
cls_12010101,12,معدات النقل البحري,Marine Transportation equipment,01,القوارب,Boats,01,قوارب آلية,Motorboats,01,120101,12010101,10000,,10,20
cls_12010104,12,معدات النقل البحري,Marine Transportation equipment,01,القوارب,Boats,01,قوارب آلية,Motorboats,04,120101,12010104,10000,,10,20
cls_12010201,12,معدات النقل البحري,Marine Transportation equipment,01,القوارب,Boats,02,قوارب غير آلية,Non-motorized boats,01,120102,12010201,10000,,15,25
cls_12010204,12,معدات النقل البحري,Marine Transportation equipment,01,القوارب,Boats,02,قوارب غير آلية,Non-motorized boats,04,120102,12010204,10000,,15,25
cls_12020101,12,معدات النقل البحري,Marine Transportation equipment,02,الحوامات,Hovercraft,01,الحوامة القتالية,Combat Hovercraft,01,120201,12020101,10000,,10,25
cls_12020104,12,معدات النقل البحري,Marine Transportation equipment,02,الحوامات,Hovercraft,01,الحوامة القتالية,Combat Hovercraft,04,120201,12020104,10000,,10,25
cls_12020201,12,معدات النقل البحري,Marine Transportation equipment,02,الحوامات,Hovercraft,02,الحوامة غير القتالية,Non-combat Hovercraft,01,120202,12020201,10000,,10,25
cls_12020204,12,معدات النقل البحري,Marine Transportation equipment,02,الحوامات,Hovercraft,02,الحوامة غير القتالية,Non-combat Hovercraft,04,120202,12020204,10000,,10,25
cls_12030101,12,معدات النقل البحري,Marine Transportation equipment,03,السفن,Ships,01,سفن الداخلية,Inland vessels,01,120301,12030101,10000,,25,35
cls_12030104,12,معدات النقل البحري,Marine Transportation equipment,03,السفن,Ships,01,سفن الداخلية,Inland vessels,04,120301,12030104,10000,,25,35
cls_12030201,12,معدات النقل البحري,Marine Transportation equipment,03,السفن,Ships,02,سفينة تجارية,Merchant ship,01,120302,12030201,10000,,25,35
cls_12030204,12,معدات النقل البحري,Marine Transportation equipment,03,السفن,Ships,02,سفينة تجارية,Merchant ship,04,120302,12030204,10000,,25,35
cls_12030301,12,معدات النقل البحري,Marine Transportation equipment,03,السفن,Ships,03,السفن الحربية,Military vessels,01,120303,12030301,10000,,10,25
cls_12030304,12,معدات النقل البحري,Marine Transportation equipment,03,السفن,Ships,03,السفن الحربية,Military vessels,04,120303,12030304,10000,,10,25
cls_12030401,12,معدات النقل البحري,Marine Transportation equipment,03,السفن,Ships,04,سفن لأغراض خاصة,Special purpose vessels,01,120304,12030401,10000,,20,30
cls_12030404,12,معدات النقل البحري,Marine Transportation equipment,03,السفن,Ships,04,سفن لأغراض خاصة,Special purpose vessels,04,120304,12030404,10000,,20,30
cls_12040101,12,معدات النقل البحري,Marine Transportation equipment,04,الغواصات,Submarines,01,غواصة مدنية,Civilian Submarine,01,120401,12040101,,,,
cls_12040104,12,معدات النقل البحري,Marine Transportation equipment,04,الغواصات,Submarines,01,غواصة مدنية,Civilian Submarine,04,120401,12040104,,,,
cls_12040201,12,معدات النقل البحري,Marine Transportation equipment,04,الغواصات,Submarines,02,غواصة حربية,Military Submarine,01,120402,12040201,10000,,10,25
cls_12040204,12,معدات النقل البحري,Marine Transportation equipment,04,الغواصات,Submarines,02,غواصة حربية,Military Submarine,04,120402,12040204,10000,,10,25
cls_12040301,12,معدات النقل البحري,Marine Transportation equipment,04,الغواصات,Submarines,03,غواصة العمليات القطبية,Polar operations Submarine,01,120403,12040301,10000,,10,25
cls_12040304,12,معدات النقل البحري,Marine Transportation equipment,04,الغواصات,Submarines,03,غواصة العمليات القطبية,Polar operations Submarine,04,120403,12040304,10000,,10,25
cls_13010101,13,أصول تقنية المعلومات,Information Technology Assets,01,معدات الشبكة,Network Equipment,01,نظام هوائيات,Antennas System,01,130101,13010101,1000,10000,3,7
cls_13010104,13,أصول تقنية المعلومات,Information Technology Assets,01,معدات الشبكة,Network Equipment,01,نظام هوائيات,Antennas System,04,130101,13010104,1000,10000,3,7
cls_13010201,13,أصول تقنية المعلومات,Information Technology Assets,01,معدات الشبكة,Network Equipment,02,معدات الشبكة الخلوية / المتنقلة الرقمية,Digital Cellular/Mobile Network Equipment,01,130102,13010201,1000,10000,3,7
cls_13010204,13,أصول تقنية المعلومات,Information Technology Assets,01,معدات الشبكة,Network Equipment,02,معدات الشبكة الخلوية / المتنقلة الرقمية,Digital Cellular/Mobile Network Equipment,04,130102,13010204,1000,10000,3,7
cls_13010301,13,أصول تقنية المعلومات,Information Technology Assets,01,معدات الشبكة,Network Equipment,03,معدات خدمة الشبكة,Network Service equipment,01,130103,13010301,1000,10000,3,7
cls_13010304,13,أصول تقنية المعلومات,Information Technology Assets,01,معدات الشبكة,Network Equipment,03,معدات خدمة الشبكة,Network Service equipment,04,130103,13010304,1000,10000,3,7
cls_13010401,13,أصول تقنية المعلومات,Information Technology Assets,01,معدات الشبكة,Network Equipment,04,أجهزة شبكة بصرية,Optical Network Devices,01,130104,13010401,1000,10000,3,7
cls_13010404,13,أصول تقنية المعلومات,Information Technology Assets,01,معدات الشبكة,Network Equipment,04,أجهزة شبكة بصرية,Optical Network Devices,04,130104,13010404,1000,10000,3,7
cls_13010501,13,أصول تقنية المعلومات,Information Technology Assets,01,معدات الشبكة,Network Equipment,05,المولدات والمفاتيح وأجهزة التوجيه,"Server, Switches & routers",01,130105,13010501,1000,10000,3,7
cls_13010504,13,أصول تقنية المعلومات,Information Technology Assets,01,معدات الشبكة,Network Equipment,05,المولدات والمفاتيح وأجهزة التوجيه,"Server, Switches & routers",04,130105,13010504,1000,10000,3,7
cls_13010601,13,أصول تقنية المعلومات,Information Technology Assets,01,معدات الشبكة,Network Equipment,06,جهاز اتصالات تحت ماء,Underwater communication system,01,130106,13010601,1000,10000,3,7
cls_13010604,13,أصول تقنية المعلومات,Information Technology Assets,01,معدات الشبكة,Network Equipment,06,جهاز اتصالات تحت ماء,Underwater communication system,04,130106,13010604,1000,10000,3,7
cls_13010701,13,أصول تقنية المعلومات,Information Technology Assets,01,معدات الشبكة,Network Equipment,07,معدات أمن الشبكات,network security equipment,01,130107,13010701,1000,10000,3,7
cls_13010704,13,أصول تقنية المعلومات,Information Technology Assets,01,معدات الشبكة,Network Equipment,07,معدات أمن الشبكات,network security equipment,04,130107,13010704,1000,10000,3,7
cls_13010801,13,أصول تقنية المعلومات,Information Technology Assets,01,معدات الشبكة,Network Equipment,08,المرسلات,transmitters,01,130108,13010801,1000,10000,3,7
cls_13010804,13,أصول تقنية المعلومات,Information Technology Assets,01,معدات الشبكة,Network Equipment,08,المرسلات,transmitters,04,130108,13010804,1000,10000,3,7
cls_13020101,13,أصول تقنية المعلومات,Information Technology Assets,02,تكنولوجيا المعلومات ومعدات الاتصالات المكتبية,Office IT and Communication Equipment,01,معدات عرض الصوت,Audio Presentation Equipment,01,130201,13020101,,,,
cls_13020104,13,أصول تقنية المعلومات,Information Technology Assets,02,تكنولوجيا المعلومات ومعدات الاتصالات المكتبية,Office IT and Communication Equipment,01,معدات عرض الصوت,Audio Presentation Equipment,04,130201,13020104,,,,
cls_13020201,13,أصول تقنية المعلومات,Information Technology Assets,02,تكنولوجيا المعلومات ومعدات الاتصالات المكتبية,Office IT and Communication Equipment,02,أجهزة إدخال بيانات الحاسوب,Computer Data Input Devices,01,130202,13020201,,,,
cls_13020204,13,أصول تقنية المعلومات,Information Technology Assets,02,تكنولوجيا المعلومات ومعدات الاتصالات المكتبية,Office IT and Communication Equipment,02,أجهزة إدخال بيانات الحاسوب,Computer Data Input Devices,04,130202,13020204,,,,
cls_13020301,13,أصول تقنية المعلومات,Information Technology Assets,02,تكنولوجيا المعلومات ومعدات الاتصالات المكتبية,Office IT and Communication Equipment,03,شاشات العرض,Display Screens & Monitors,01,130203,13020301,,,,
cls_13020304,13,أصول تقنية المعلومات,Information Technology Assets,02,تكنولوجيا المعلومات ومعدات الاتصالات المكتبية,Office IT and Communication Equipment,03,شاشات العرض,Display Screens & Monitors,04,130203,13020304,,,,
cls_13020401,13,أصول تقنية المعلومات,Information Technology Assets,02,تكنولوجيا المعلومات ومعدات الاتصالات المكتبية,Office IT and Communication Equipment,04,أجهزة الكمبيوتر المحمولة وأجهزة الكمبيوتر المكتبية,Laptops & Computers,01,130204,13020401,,,,
cls_13020404,13,أصول تقنية المعلومات,Information Technology Assets,02,تكنولوجيا المعلومات ومعدات الاتصالات المكتبية,Office IT and Communication Equipment,04,أجهزة الكمبيوتر المحمولة وأجهزة الكمبيوتر المكتبية,Laptops & Computers,04,130204,13020404,,,,
cls_13020501,13,أصول تقنية المعلومات,Information Technology Assets,02,تكنولوجيا المعلومات ومعدات الاتصالات المكتبية,Office IT and Communication Equipment,05,أجهزة الاتصالات الشخصية,Personal Communication Devices,01,130205,13020501,,,,
cls_13020504,13,أصول تقنية المعلومات,Information Technology Assets,02,تكنولوجيا المعلومات ومعدات الاتصالات المكتبية,Office IT and Communication Equipment,05,أجهزة الاتصالات الشخصية,Personal Communication Devices,04,130205,13020504,,,,
cls_13020601,13,أصول تقنية المعلومات,Information Technology Assets,02,تكنولوجيا المعلومات ومعدات الاتصالات المكتبية,Office IT and Communication Equipment,06,أجهزة عرض,Projectors,01,130206,13020601,,,,
cls_13020604,13,أصول تقنية المعلومات,Information Technology Assets,02,تكنولوجيا المعلومات ومعدات الاتصالات المكتبية,Office IT and Communication Equipment,06,أجهزة عرض,Projectors,04,130206,13020604,,,,
cls_13020701,13,أصول تقنية المعلومات,Information Technology Assets,02,تكنولوجيا المعلومات ومعدات الاتصالات المكتبية,Office IT and Communication Equipment,07,ماسحات ضوئية وطابعات,Scanners & Printers,01,130207,13020701,,,,
cls_13020704,13,أصول تقنية المعلومات,Information Technology Assets,02,تكنولوجيا المعلومات ومعدات الاتصالات المكتبية,Office IT and Communication Equipment,07,ماسحات ضوئية وطابعات,Scanners & Printers,04,130207,13020704,,,,
cls_13020801,13,أصول تقنية المعلومات,Information Technology Assets,02,تكنولوجيا المعلومات ومعدات الاتصالات المكتبية,Office IT and Communication Equipment,08,معدات فيديو للمؤتمرات,Video Conference Equipment,01,130208,13020801,,,,
cls_13020804,13,أصول تقنية المعلومات,Information Technology Assets,02,تكنولوجيا المعلومات ومعدات الاتصالات المكتبية,Office IT and Communication Equipment,08,معدات فيديو للمؤتمرات,Video Conference Equipment,04,130208,13020804,,,,
cls_13030101,13,أصول تقنية المعلومات,Information Technology Assets,03,معدات التصوير الفوتوغرافي والتسجيلات الإعلامية,Photographic and Recording Media Equipment,01,كاميرات,Cameras,01,130301,13030101,1000,10000,3,7
cls_13030104,13,أصول تقنية المعلومات,Information Technology Assets,03,معدات التصوير الفوتوغرافي والتسجيلات الإعلامية,Photographic and Recording Media Equipment,01,كاميرات,Cameras,04,130301,13030104,1000,10000,3,7
cls_13030201,13,أصول تقنية المعلومات,Information Technology Assets,03,معدات التصوير الفوتوغرافي والتسجيلات الإعلامية,Photographic and Recording Media Equipment,02,معدات إنتاج الميكروفيلم,Microfilm Production Equipment,01,130302,13030201,1000,10000,3,7
cls_13030204,13,أصول تقنية المعلومات,Information Technology Assets,03,معدات التصوير الفوتوغرافي والتسجيلات الإعلامية,Photographic and Recording Media Equipment,02,معدات إنتاج الميكروفيلم,Microfilm Production Equipment,04,130302,13030204,1000,10000,3,7
cls_13030301,13,أصول تقنية المعلومات,Information Technology Assets,03,معدات التصوير الفوتوغرافي والتسجيلات الإعلامية,Photographic and Recording Media Equipment,03,معدات المعالجة الفوتوغرافية,Photographic Processing Equipment,01,130303,13030301,1000,10000,3,7
cls_13030304,13,أصول تقنية المعلومات,Information Technology Assets,03,معدات التصوير الفوتوغرافي والتسجيلات الإعلامية,Photographic and Recording Media Equipment,03,معدات المعالجة الفوتوغرافية,Photographic Processing Equipment,04,130303,13030304,1000,10000,3,7
cls_14010101,14,معدات التوزيع والتكييف,Distribution and Conditioning Equipment,01,معدات الترشيح,Filtration Equipment,01,مرشحات,Filters,01,140101,14010101,10000,,7,12
cls_14010104,14,معدات التوزيع والتكييف,Distribution and Conditioning Equipment,01,معدات الترشيح,Filtration Equipment,01,مرشحات,Filters,04,140101,14010104,10000,,7,12
cls_14010201,14,معدات التوزيع والتكييف,Distribution and Conditioning Equipment,01,معدات الترشيح,Filtration Equipment,02,فواصل,Separators,01,140102,14010201,10000,,15,25
cls_14010204,14,معدات التوزيع والتكييف,Distribution and Conditioning Equipment,01,معدات الترشيح,Filtration Equipment,02,فواصل,Separators,04,140102,14010204,10000,,15,25
cls_14020101,14,معدات التوزيع والتكييف,Distribution and Conditioning Equipment,02,توزيع السوائل والغاز,Fluid and Gas Distribution,01,القنوات الناقلة,Ducts,01,140201,14020101,10000,,20,30
cls_14020104,14,معدات التوزيع والتكييف,Distribution and Conditioning Equipment,02,توزيع السوائل والغاز,Fluid and Gas Distribution,01,القنوات الناقلة,Ducts,04,140201,14020104,10000,,20,30
cls_14020201,14,معدات التوزيع والتكييف,Distribution and Conditioning Equipment,02,توزيع السوائل والغاز,Fluid and Gas Distribution,02,منظمون السوائل والغاز,Fluid & Gas Regulators,01,140202,14020201,10000,,25,35
cls_14020204,14,معدات التوزيع والتكييف,Distribution and Conditioning Equipment,02,توزيع السوائل والغاز,Fluid and Gas Distribution,02,منظمون السوائل والغاز,Fluid & Gas Regulators,04,140202,14020204,10000,,25,35
cls_14020301,14,معدات التوزيع والتكييف,Distribution and Conditioning Equipment,02,توزيع السوائل والغاز,Fluid and Gas Distribution,03,أنابيب,Pipes,01,140203,14020301,10000,,25,35
cls_14020304,14,معدات التوزيع والتكييف,Distribution and Conditioning Equipment,02,توزيع السوائل والغاز,Fluid and Gas Distribution,03,أنابيب,Pipes,04,140203,14020304,10000,,25,35
cls_14020401,14,معدات التوزيع والتكييف,Distribution and Conditioning Equipment,02,توزيع السوائل والغاز,Fluid and Gas Distribution,04,صمامات,Valves,01,140204,14020401,10000,,20,30
cls_14020404,14,معدات التوزيع والتكييف,Distribution and Conditioning Equipment,02,توزيع السوائل والغاز,Fluid and Gas Distribution,04,صمامات,Valves,04,140204,14020404,10000,,20,30
cls_14030101,14,معدات التوزيع والتكييف,Distribution and Conditioning Equipment,03,معدات التدفئة والتهوية,Heating and Ventilating Equipment,01,معدات تدوير الهواء,Air Circulation,01,140301,14030101,10000,,12,20
cls_14030104,14,معدات التوزيع والتكييف,Distribution and Conditioning Equipment,03,معدات التدفئة والتهوية,Heating and Ventilating Equipment,01,معدات تدوير الهواء,Air Circulation,04,140301,14030104,10000,,12,20
cls_14030201,14,معدات التوزيع والتكييف,Distribution and Conditioning Equipment,03,معدات التدفئة والتهوية,Heating and Ventilating Equipment,02,وحدات تكييف الهواء,Air Conditioning Units,01,140302,14030201,10000,,12,20
cls_14030204,14,معدات التوزيع والتكييف,Distribution and Conditioning Equipment,03,معدات التدفئة والتهوية,Heating and Ventilating Equipment,02,وحدات تكييف الهواء,Air Conditioning Units,04,140302,14030204,10000,,12,20
cls_14030301,14,معدات التوزيع والتكييف,Distribution and Conditioning Equipment,03,معدات التدفئة والتهوية,Heating and Ventilating Equipment,03,وحدات لمعالجة الهواء,Air Handling Units,01,140303,14030301,10000,,12,20
cls_14030304,14,معدات التوزيع والتكييف,Distribution and Conditioning Equipment,03,معدات التدفئة والتهوية,Heating and Ventilating Equipment,03,وحدات لمعالجة الهواء,Air Handling Units,04,140303,14030304,10000,,12,20
cls_14030401,14,معدات التوزيع والتكييف,Distribution and Conditioning Equipment,03,معدات التدفئة والتهوية,Heating and Ventilating Equipment,04,السخانات,Boilers,01,140304,14030401,10000,,15,25
cls_14030404,14,معدات التوزيع والتكييف,Distribution and Conditioning Equipment,03,معدات التدفئة والتهوية,Heating and Ventilating Equipment,04,السخانات,Boilers,04,140304,14030404,10000,,15,25
cls_14030501,14,معدات التوزيع والتكييف,Distribution and Conditioning Equipment,03,معدات التدفئة والتهوية,Heating and Ventilating Equipment,05,المبردات,Chillers,01,140305,14030501,10000,,15,25
cls_14030504,14,معدات التوزيع والتكييف,Distribution and Conditioning Equipment,03,معدات التدفئة والتهوية,Heating and Ventilating Equipment,05,المبردات,Chillers,04,140305,14030504,10000,,15,25
cls_14030601,14,معدات التوزيع والتكييف,Distribution and Conditioning Equipment,03,معدات التدفئة والتهوية,Heating and Ventilating Equipment,06,معدات التجفيف,Drying Equipment,01,140306,14030601,10000,,12,20
cls_14030604,14,معدات التوزيع والتكييف,Distribution and Conditioning Equipment,03,معدات التدفئة والتهوية,Heating and Ventilating Equipment,06,معدات التجفيف,Drying Equipment,04,140306,14030604,10000,,12,20
cls_14030701,14,معدات التوزيع والتكييف,Distribution and Conditioning Equipment,03,معدات التدفئة والتهوية,Heating and Ventilating Equipment,07,وحدات لفائف المروحة,Fan Coil Units,01,140307,14030701,10000,,12,20
cls_14030704,14,معدات التوزيع والتكييف,Distribution and Conditioning Equipment,03,معدات التدفئة والتهوية,Heating and Ventilating Equipment,07,وحدات لفائف المروحة,Fan Coil Units,04,140307,14030704,10000,,12,20
cls_14030801,14,معدات التوزيع والتكييف,Distribution and Conditioning Equipment,03,معدات التدفئة والتهوية,Heating and Ventilating Equipment,08,فرن,Furnace,01,140308,14030801,10000,,12,25
cls_14030804,14,معدات التوزيع والتكييف,Distribution and Conditioning Equipment,03,معدات التدفئة والتهوية,Heating and Ventilating Equipment,08,فرن,Furnace,04,140308,14030804,10000,,12,25
cls_14030901,14,معدات التوزيع والتكييف,Distribution and Conditioning Equipment,03,معدات التدفئة والتهوية,Heating and Ventilating Equipment,09,المبادلات الحرارية,Heat exchangers,01,140309,14030901,10000,,7,12
cls_14030904,14,معدات التوزيع والتكييف,Distribution and Conditioning Equipment,03,معدات التدفئة والتهوية,Heating and Ventilating Equipment,09,المبادلات الحرارية,Heat exchangers,04,140309,14030904,10000,,7,12
cls_14031001,14,معدات التوزيع والتكييف,Distribution and Conditioning Equipment,03,معدات التدفئة والتهوية,Heating and Ventilating Equipment,10,مراقبة الرطوبة,Humidity Control,01,140310,14031001,10000,,12,20
cls_14031004,14,معدات التوزيع والتكييف,Distribution and Conditioning Equipment,03,معدات التدفئة والتهوية,Heating and Ventilating Equipment,10,مراقبة الرطوبة,Humidity Control,04,140310,14031004,10000,,12,20
cls_14040101,14,معدات التوزيع والتكييف,Distribution and Conditioning Equipment,04,معدات الضخ والضغط,Pumping and Compressing Equipment,01,الضواغط,Compressors,01,140401,14040101,10000,,12,20
cls_14040104,14,معدات التوزيع والتكييف,Distribution and Conditioning Equipment,04,معدات الضخ والضغط,Pumping and Compressing Equipment,01,الضواغط,Compressors,04,140401,14040104,10000,,12,20
cls_14040201,14,معدات التوزيع والتكييف,Distribution and Conditioning Equipment,04,معدات الضخ والضغط,Pumping and Compressing Equipment,02,مضخات,Pumps,01,140402,14040201,10000,,12,20
cls_14040204,14,معدات التوزيع والتكييف,Distribution and Conditioning Equipment,04,معدات الضخ والضغط,Pumping and Compressing Equipment,02,مضخات,Pumps,04,140402,14040204,10000,,12,20
cls_15010101,15,المعدات الكهربائية ومعدات توليد/نقل الطاقة,Electrical and Power Generation/Transmission Equipment,01,آلات ومعدات الطاقة الذرية والنووية,Atomic and Nuclear Energy Machinery and Equipment,01,معدات قياس الجرعات,Dosimetry Equipment,01,150101,15010101,10000,,12,15
cls_15010104,15,المعدات الكهربائية ومعدات توليد/نقل الطاقة,Electrical and Power Generation/Transmission Equipment,01,آلات ومعدات الطاقة الذرية والنووية,Atomic and Nuclear Energy Machinery and Equipment,01,معدات قياس الجرعات,Dosimetry Equipment,04,150101,15010104,10000,,12,15
cls_15010201,15,المعدات الكهربائية ومعدات توليد/نقل الطاقة,Electrical and Power Generation/Transmission Equipment,01,آلات ومعدات الطاقة الذرية والنووية,Atomic and Nuclear Energy Machinery and Equipment,02,أجهزة الخلية الحارة,Hot Cell Devices,01,150102,15010201,10000,,7,12
cls_15010204,15,المعدات الكهربائية ومعدات توليد/نقل الطاقة,Electrical and Power Generation/Transmission Equipment,01,آلات ومعدات الطاقة الذرية والنووية,Atomic and Nuclear Energy Machinery and Equipment,02,أجهزة الخلية الحارة,Hot Cell Devices,04,150102,15010204,10000,,7,12
cls_15010301,15,المعدات الكهربائية ومعدات توليد/نقل الطاقة,Electrical and Power Generation/Transmission Equipment,01,آلات ومعدات الطاقة الذرية والنووية,Atomic and Nuclear Energy Machinery and Equipment,03,أدوات نووية صناعية,Industrial Nucleonic Instruments,01,150103,15010301,10000,,12,15
cls_15010304,15,المعدات الكهربائية ومعدات توليد/نقل الطاقة,Electrical and Power Generation/Transmission Equipment,01,آلات ومعدات الطاقة الذرية والنووية,Atomic and Nuclear Energy Machinery and Equipment,03,أدوات نووية صناعية,Industrial Nucleonic Instruments,04,150103,15010304,10000,,12,15
cls_15010401,15,المعدات الكهربائية ومعدات توليد/نقل الطاقة,Electrical and Power Generation/Transmission Equipment,01,آلات ومعدات الطاقة الذرية والنووية,Atomic and Nuclear Energy Machinery and Equipment,04,معدات إشعاعية,Irradiation Equipment,01,150104,15010401,10000,,12,15
cls_15010404,15,المعدات الكهربائية ومعدات توليد/نقل الطاقة,Electrical and Power Generation/Transmission Equipment,01,آلات ومعدات الطاقة الذرية والنووية,Atomic and Nuclear Energy Machinery and Equipment,04,معدات إشعاعية,Irradiation Equipment,04,150104,15010404,10000,,12,15
cls_15010501,15,المعدات الكهربائية ومعدات توليد/نقل الطاقة,Electrical and Power Generation/Transmission Equipment,01,آلات ومعدات الطاقة الذرية والنووية,Atomic and Nuclear Energy Machinery and Equipment,05,معدات وقود نووي,Nuclear Fuel Equipment,01,150105,15010501,10000,,3,7
cls_15010504,15,المعدات الكهربائية ومعدات توليد/نقل الطاقة,Electrical and Power Generation/Transmission Equipment,01,آلات ومعدات الطاقة الذرية والنووية,Atomic and Nuclear Energy Machinery and Equipment,05,معدات وقود نووي,Nuclear Fuel Equipment,04,150105,15010504,10000,,3,7
cls_15010601,15,المعدات الكهربائية ومعدات توليد/نقل الطاقة,Electrical and Power Generation/Transmission Equipment,01,آلات ومعدات الطاقة الذرية والنووية,Atomic and Nuclear Energy Machinery and Equipment,06,معدات مفاعل نووية,Nuclear Reactor Equipment,01,150106,15010601,10000,,12,15
cls_15010604,15,المعدات الكهربائية ومعدات توليد/نقل الطاقة,Electrical and Power Generation/Transmission Equipment,01,آلات ومعدات الطاقة الذرية والنووية,Atomic and Nuclear Energy Machinery and Equipment,06,معدات مفاعل نووية,Nuclear Reactor Equipment,04,150106,15010604,10000,,12,15
cls_15010701,15,المعدات الكهربائية ومعدات توليد/نقل الطاقة,Electrical and Power Generation/Transmission Equipment,01,آلات ومعدات الطاقة الذرية والنووية,Atomic and Nuclear Energy Machinery and Equipment,07,معدات الحماية الإشعاعية,Radiation Shielding Equipment,01,150107,15010701,10000,,12,15
cls_15010704,15,المعدات الكهربائية ومعدات توليد/نقل الطاقة,Electrical and Power Generation/Transmission Equipment,01,آلات ومعدات الطاقة الذرية والنووية,Atomic and Nuclear Energy Machinery and Equipment,07,معدات الحماية الإشعاعية,Radiation Shielding Equipment,04,150107,15010704,10000,,12,15
cls_15010801,15,المعدات الكهربائية ومعدات توليد/نقل الطاقة,Electrical and Power Generation/Transmission Equipment,01,آلات ومعدات الطاقة الذرية والنووية,Atomic and Nuclear Energy Machinery and Equipment,08,معدات مخلفات مشعة,Radioactive Waste Equipment,01,150108,15010801,10000,,12,15
cls_15010804,15,المعدات الكهربائية ومعدات توليد/نقل الطاقة,Electrical and Power Generation/Transmission Equipment,01,آلات ومعدات الطاقة الذرية والنووية,Atomic and Nuclear Energy Machinery and Equipment,08,معدات مخلفات مشعة,Radioactive Waste Equipment,04,150108,15010804,10000,,12,15
cls_15010901,15,المعدات الكهربائية ومعدات توليد/نقل الطاقة,Electrical and Power Generation/Transmission Equipment,01,آلات ومعدات الطاقة الذرية والنووية,Atomic and Nuclear Energy Machinery and Equipment,09,معدات تجميع خطرة وحساسة,Subcritical Assembly Equipment,01,150109,15010901,10000,,7,12
cls_15010904,15,المعدات الكهربائية ومعدات توليد/نقل الطاقة,Electrical and Power Generation/Transmission Equipment,01,آلات ومعدات الطاقة الذرية والنووية,Atomic and Nuclear Energy Machinery and Equipment,09,معدات تجميع خطرة وحساسة,Subcritical Assembly Equipment,04,150109,15010904,10000,,7,12
cls_15020101,15,المعدات الكهربائية ومعدات توليد/نقل الطاقة,Electrical and Power Generation/Transmission Equipment,02,البطاريات وتخزين الطاقة,Batteries & Power storage,01,بطاريات,Batteries,01,150201,15020101,10000,,3,7
cls_15020104,15,المعدات الكهربائية ومعدات توليد/نقل الطاقة,Electrical and Power Generation/Transmission Equipment,02,البطاريات وتخزين الطاقة,Batteries & Power storage,01,بطاريات,Batteries,04,150201,15020104,10000,,3,7
cls_15020201,15,المعدات الكهربائية ومعدات توليد/نقل الطاقة,Electrical and Power Generation/Transmission Equipment,02,البطاريات وتخزين الطاقة,Batteries & Power storage,02,شواحن بطاريات,Battery chargers,01,150202,15020201,10000,,3,7
cls_15020204,15,المعدات الكهربائية ومعدات توليد/نقل الطاقة,Electrical and Power Generation/Transmission Equipment,02,البطاريات وتخزين الطاقة,Batteries & Power storage,02,شواحن بطاريات,Battery chargers,04,150202,15020204,10000,,3,7
cls_15020301,15,المعدات الكهربائية ومعدات توليد/نقل الطاقة,Electrical and Power Generation/Transmission Equipment,02,البطاريات وتخزين الطاقة,Batteries & Power storage,03,إمدادات الطاقة غير المنقطعة,Uninterruptible power supply,01,150203,15020301,10000,,7,12
cls_15020304,15,المعدات الكهربائية ومعدات توليد/نقل الطاقة,Electrical and Power Generation/Transmission Equipment,02,البطاريات وتخزين الطاقة,Batteries & Power storage,03,إمدادات الطاقة غير المنقطعة,Uninterruptible power supply,04,150203,15020304,10000,,7,12
cls_15030101,15,المعدات الكهربائية ومعدات توليد/نقل الطاقة,Electrical and Power Generation/Transmission Equipment,03,معدات كهربائية,Electrical Equipment,01,دائرة حماية,Circuit Protection,01,150301,15030101,10000,,12,15
cls_15030104,15,المعدات الكهربائية ومعدات توليد/نقل الطاقة,Electrical and Power Generation/Transmission Equipment,03,معدات كهربائية,Electrical Equipment,01,دائرة حماية,Circuit Protection,04,150301,15030104,10000,,12,15
cls_15030201,15,المعدات الكهربائية ومعدات توليد/نقل الطاقة,Electrical and Power Generation/Transmission Equipment,03,معدات كهربائية,Electrical Equipment,02,التحكم الكهربائية والاتوماتيكية,Electrical Control and Automation,01,150302,15030201,10000,,12,15
cls_15030204,15,المعدات الكهربائية ومعدات توليد/نقل الطاقة,Electrical and Power Generation/Transmission Equipment,03,معدات كهربائية,Electrical Equipment,02,التحكم الكهربائية والاتوماتيكية,Electrical Control and Automation,04,150302,15030204,10000,,12,15
cls_15030301,15,المعدات الكهربائية ومعدات توليد/نقل الطاقة,Electrical and Power Generation/Transmission Equipment,03,معدات كهربائية,Electrical Equipment,03,المفاعلات,Reactors,01,150303,15030301,10000,,15,25
cls_15030304,15,المعدات الكهربائية ومعدات توليد/نقل الطاقة,Electrical and Power Generation/Transmission Equipment,03,معدات كهربائية,Electrical Equipment,03,المفاعلات,Reactors,04,150303,15030304,10000,,15,25
cls_15030401,15,المعدات الكهربائية ومعدات توليد/نقل الطاقة,Electrical and Power Generation/Transmission Equipment,03,معدات كهربائية,Electrical Equipment,04,محولات,Transformers,01,150304,15030401,10000,,20,30
cls_15030404,15,المعدات الكهربائية ومعدات توليد/نقل الطاقة,Electrical and Power Generation/Transmission Equipment,03,معدات كهربائية,Electrical Equipment,04,محولات,Transformers,04,150304,15030404,10000,,20,30
cls_15040101,15,المعدات الكهربائية ومعدات توليد/نقل الطاقة,Electrical and Power Generation/Transmission Equipment,04,الأسلاك والكابلات الكهربائية,Electrical Wire and Cable,01,كابلات التحكم والإشارات,Control & Signal Cables,01,150401,15040101,10000,,15,25
cls_15040104,15,المعدات الكهربائية ومعدات توليد/نقل الطاقة,Electrical and Power Generation/Transmission Equipment,04,الأسلاك والكابلات الكهربائية,Electrical Wire and Cable,01,كابلات التحكم والإشارات,Control & Signal Cables,04,150401,15040104,10000,,15,25
cls_15040201,15,المعدات الكهربائية ومعدات توليد/نقل الطاقة,Electrical and Power Generation/Transmission Equipment,04,الأسلاك والكابلات الكهربائية,Electrical Wire and Cable,02,أسلاك كهربائية,Electrical Wires,01,150402,15040201,10000,,7,12
cls_15040204,15,المعدات الكهربائية ومعدات توليد/نقل الطاقة,Electrical and Power Generation/Transmission Equipment,04,الأسلاك والكابلات الكهربائية,Electrical Wire and Cable,02,أسلاك كهربائية,Electrical Wires,04,150402,15040204,10000,,7,12
cls_15040301,15,المعدات الكهربائية ومعدات توليد/نقل الطاقة,Electrical and Power Generation/Transmission Equipment,04,الأسلاك والكابلات الكهربائية,Electrical Wire and Cable,03,كابلات الألياف البصرية,Fiber optic cables,01,150403,15040301,10000,,15,25
cls_15040304,15,المعدات الكهربائية ومعدات توليد/نقل الطاقة,Electrical and Power Generation/Transmission Equipment,04,الأسلاك والكابلات الكهربائية,Electrical Wire and Cable,03,كابلات الألياف البصرية,Fiber optic cables,04,150403,15040304,10000,,15,25
cls_15040401,15,المعدات الكهربائية ومعدات توليد/نقل الطاقة,Electrical and Power Generation/Transmission Equipment,04,الأسلاك والكابلات الكهربائية,Electrical Wire and Cable,04,أسلاك الطاقة,Power Cables,01,150404,15040401,10000,,20,30
cls_15040404,15,المعدات الكهربائية ومعدات توليد/نقل الطاقة,Electrical and Power Generation/Transmission Equipment,04,الأسلاك والكابلات الكهربائية,Electrical Wire and Cable,04,أسلاك الطاقة,Power Cables,04,150404,15040404,10000,,20,30
cls_15050101,15,المعدات الكهربائية ومعدات توليد/نقل الطاقة,Electrical and Power Generation/Transmission Equipment,05,معدات نقل الطاقة الحركية,Kinetic Power Transmission Equipment,01,براثن,Clutches,01,150501,15050101,10000,,12,15
cls_15050104,15,المعدات الكهربائية ومعدات توليد/نقل الطاقة,Electrical and Power Generation/Transmission Equipment,05,معدات نقل الطاقة الحركية,Kinetic Power Transmission Equipment,01,براثن,Clutches,04,150501,15050104,10000,,12,15
cls_15050201,15,المعدات الكهربائية ومعدات توليد/نقل الطاقة,Electrical and Power Generation/Transmission Equipment,05,معدات نقل الطاقة الحركية,Kinetic Power Transmission Equipment,02,التروس,Gears,01,150502,15050201,10000,,12,15
cls_15050204,15,المعدات الكهربائية ومعدات توليد/نقل الطاقة,Electrical and Power Generation/Transmission Equipment,05,معدات نقل الطاقة الحركية,Kinetic Power Transmission Equipment,02,التروس,Gears,04,150502,15050204,10000,,12,15
cls_15050301,15,المعدات الكهربائية ومعدات توليد/نقل الطاقة,Electrical and Power Generation/Transmission Equipment,05,معدات نقل الطاقة الحركية,Kinetic Power Transmission Equipment,03,أحزمة نقل الطاقة,Power Transmission Belts,01,150503,15050301,10000,,3,7
cls_15050304,15,المعدات الكهربائية ومعدات توليد/نقل الطاقة,Electrical and Power Generation/Transmission Equipment,05,معدات نقل الطاقة الحركية,Kinetic Power Transmission Equipment,03,أحزمة نقل الطاقة,Power Transmission Belts,04,150503,15050304,10000,,3,7
cls_15050401,15,المعدات الكهربائية ومعدات توليد/نقل الطاقة,Electrical and Power Generation/Transmission Equipment,05,معدات نقل الطاقة الحركية,Kinetic Power Transmission Equipment,04,سلاسل انتقال الطاقة,Power Transmission Chains,01,150504,15050401,10000,,3,7
cls_15050404,15,المعدات الكهربائية ومعدات توليد/نقل الطاقة,Electrical and Power Generation/Transmission Equipment,05,معدات نقل الطاقة الحركية,Kinetic Power Transmission Equipment,04,سلاسل انتقال الطاقة,Power Transmission Chains,04,150504,15050404,10000,,3,7
cls_15050501,15,المعدات الكهربائية ومعدات توليد/نقل الطاقة,Electrical and Power Generation/Transmission Equipment,05,معدات نقل الطاقة الحركية,Kinetic Power Transmission Equipment,05,عمود توليد الكهرباء,Shafts,01,150505,15050501,10000,,15,25
cls_15050504,15,المعدات الكهربائية ومعدات توليد/نقل الطاقة,Electrical and Power Generation/Transmission Equipment,05,معدات نقل الطاقة الحركية,Kinetic Power Transmission Equipment,05,عمود توليد الكهرباء,Shafts,04,150505,15050504,10000,,15,25
cls_15060101,15,المعدات الكهربائية ومعدات توليد/نقل الطاقة,Electrical and Power Generation/Transmission Equipment,06,معدات توليد الطاقة,Power Producers Equipment,01,محرك الطائرة,Aircraft Engines,01,150601,15060101,10000,,7,12
cls_15060104,15,المعدات الكهربائية ومعدات توليد/نقل الطاقة,Electrical and Power Generation/Transmission Equipment,06,معدات توليد الطاقة,Power Producers Equipment,01,محرك الطائرة,Aircraft Engines,04,150601,15060104,10000,,7,12
cls_15060201,15,المعدات الكهربائية ومعدات توليد/نقل الطاقة,Electrical and Power Generation/Transmission Equipment,06,معدات توليد الطاقة,Power Producers Equipment,02,محركات السيارات,Automobile Engines,01,150602,15060201,10000,,7,12
cls_15060204,15,المعدات الكهربائية ومعدات توليد/نقل الطاقة,Electrical and Power Generation/Transmission Equipment,06,معدات توليد الطاقة,Power Producers Equipment,02,محركات السيارات,Automobile Engines,04,150602,15060204,10000,,7,12
cls_15060301,15,المعدات الكهربائية ومعدات توليد/نقل الطاقة,Electrical and Power Generation/Transmission Equipment,06,معدات توليد الطاقة,Power Producers Equipment,03,غرف الاحتراق,Combustion Chambers,01,150603,15060301,10000,,12,15
cls_15060304,15,المعدات الكهربائية ومعدات توليد/نقل الطاقة,Electrical and Power Generation/Transmission Equipment,06,معدات توليد الطاقة,Power Producers Equipment,03,غرف الاحتراق,Combustion Chambers,04,150603,15060304,10000,,12,15
cls_15060401,15,المعدات الكهربائية ومعدات توليد/نقل الطاقة,Electrical and Power Generation/Transmission Equipment,06,معدات توليد الطاقة,Power Producers Equipment,04,محركات كهربائية,Electric Motors,01,150604,15060401,10000,,15,25
cls_15060404,15,المعدات الكهربائية ومعدات توليد/نقل الطاقة,Electrical and Power Generation/Transmission Equipment,06,معدات توليد الطاقة,Power Producers Equipment,04,محركات كهربائية,Electric Motors,04,150604,15060404,10000,,15,25
cls_15060501,15,المعدات الكهربائية ومعدات توليد/نقل الطاقة,Electrical and Power Generation/Transmission Equipment,06,معدات توليد الطاقة,Power Producers Equipment,05,معدات فحص أو هياكل العادم,Exhaust Structures Or Screening Equipment,01,150605,15060501,10000,,15,25
cls_15060504,15,المعدات الكهربائية ومعدات توليد/نقل الطاقة,Electrical and Power Generation/Transmission Equipment,06,معدات توليد الطاقة,Power Producers Equipment,05,معدات فحص أو هياكل العادم,Exhaust Structures Or Screening Equipment,04,150605,15060504,10000,,15,25
cls_15060601,15,المعدات الكهربائية ومعدات توليد/نقل الطاقة,Electrical and Power Generation/Transmission Equipment,06,معدات توليد الطاقة,Power Producers Equipment,06,مولدات كهرباء,Generators,01,150606,15060601,10000,,15,25
cls_15060604,15,المعدات الكهربائية ومعدات توليد/نقل الطاقة,Electrical and Power Generation/Transmission Equipment,06,معدات توليد الطاقة,Power Producers Equipment,06,مولدات كهرباء,Generators,04,150606,15060604,10000,,15,25
cls_15060701,15,المعدات الكهربائية ومعدات توليد/نقل الطاقة,Electrical and Power Generation/Transmission Equipment,06,معدات توليد الطاقة,Power Producers Equipment,07,المحركات غير الكهربائية,Non-Electric Motors,01,150607,15060701,10000,,12,15
cls_15060704,15,المعدات الكهربائية ومعدات توليد/نقل الطاقة,Electrical and Power Generation/Transmission Equipment,06,معدات توليد الطاقة,Power Producers Equipment,07,المحركات غير الكهربائية,Non-Electric Motors,04,150607,15060704,10000,,12,15
cls_15060801,15,المعدات الكهربائية ومعدات توليد/نقل الطاقة,Electrical and Power Generation/Transmission Equipment,06,معدات توليد الطاقة,Power Producers Equipment,08,محركات أخرى,Other Engines,01,150608,15060801,10000,,12,15
cls_15060804,15,المعدات الكهربائية ومعدات توليد/نقل الطاقة,Electrical and Power Generation/Transmission Equipment,06,معدات توليد الطاقة,Power Producers Equipment,08,محركات أخرى,Other Engines,04,150608,15060804,10000,,12,15
cls_15060901,15,المعدات الكهربائية ومعدات توليد/نقل الطاقة,Electrical and Power Generation/Transmission Equipment,06,معدات توليد الطاقة,Power Producers Equipment,09,نموذج للطاقة الشمسية / الضوئية,Photovoltaic / Solar module,01,150609,15060901,10000,,7,12
cls_15060904,15,المعدات الكهربائية ومعدات توليد/نقل الطاقة,Electrical and Power Generation/Transmission Equipment,06,معدات توليد الطاقة,Power Producers Equipment,09,نموذج للطاقة الشمسية / الضوئية,Photovoltaic / Solar module,04,150609,15060904,10000,,7,12
cls_15061001,15,المعدات الكهربائية ومعدات توليد/نقل الطاقة,Electrical and Power Generation/Transmission Equipment,06,معدات توليد الطاقة,Power Producers Equipment,10,التوربينات,Turbines,01,150610,15061001,10000,,15,25
cls_15061004,15,المعدات الكهربائية ومعدات توليد/نقل الطاقة,Electrical and Power Generation/Transmission Equipment,06,معدات توليد الطاقة,Power Producers Equipment,10,التوربينات,Turbines,04,150610,15061004,10000,,15,25
cls_15061101,15,المعدات الكهربائية ومعدات توليد/نقل الطاقة,Electrical and Power Generation/Transmission Equipment,06,معدات توليد الطاقة,Power Producers Equipment,11,توربينات الرياح,Wind Turbines,01,150611,15061101,10000,,20,30
cls_15061104,15,المعدات الكهربائية ومعدات توليد/نقل الطاقة,Electrical and Power Generation/Transmission Equipment,06,معدات توليد الطاقة,Power Producers Equipment,11,توربينات الرياح,Wind Turbines,04,150611,15061104,10000,,20,30
cls_16010101,16,معدات الدفاع والسلامة,Defense and Safety Equipment,01,معدات التدريب على السلامة الدفاعية,Defense Safety Training Equipment,01,معدات التدريب في مجال السلامة العامة,Public Safety Training Equipment,01,160101,16010101,10000,,12,20
cls_16010104,16,معدات الدفاع والسلامة,Defense and Safety Equipment,01,معدات التدريب على السلامة الدفاعية,Defense Safety Training Equipment,01,معدات التدريب في مجال السلامة العامة,Public Safety Training Equipment,04,160101,16010104,10000,,12,20
cls_16010201,16,معدات الدفاع والسلامة,Defense and Safety Equipment,01,معدات التدريب على السلامة الدفاعية,Defense Safety Training Equipment,02,معدات التدريب على الأسلحة الصغيرة,Small Arms Weapons Training Equipment,01,160102,16010201,10000,,3,7
cls_16010204,16,معدات الدفاع والسلامة,Defense and Safety Equipment,01,معدات التدريب على السلامة الدفاعية,Defense Safety Training Equipment,02,معدات التدريب على الأسلحة الصغيرة,Small Arms Weapons Training Equipment,04,160102,16010204,10000,,3,7
cls_16020101,16,معدات الدفاع والسلامة,Defense and Safety Equipment,02,الحماية من الحرائق,Fire Protection,01,معدات مكافحة الحريق,Fire Fighting Equipment,01,160201,16020101,10000,,12,20
cls_16020104,16,معدات الدفاع والسلامة,Defense and Safety Equipment,02,الحماية من الحرائق,Fire Protection,01,معدات مكافحة الحريق,Fire Fighting Equipment,04,160201,16020104,10000,,12,20
cls_16020201,16,معدات الدفاع والسلامة,Defense and Safety Equipment,02,الحماية من الحرائق,Fire Protection,02,مانع الحريق,Fire Prevention,01,160202,16020201,10000,,12,20
cls_16020204,16,معدات الدفاع والسلامة,Defense and Safety Equipment,02,الحماية من الحرائق,Fire Protection,02,مانع الحريق,Fire Prevention,04,160202,16020204,10000,,12,20
cls_16030101,16,معدات الدفاع والسلامة,Defense and Safety Equipment,03,قاذفات,Launchers,01,قاذفات الصواريخ والقذائف,Missile and Rocket Launchers,01,160301,16030101,10000,,12,20
cls_16030104,16,معدات الدفاع والسلامة,Defense and Safety Equipment,03,قاذفات,Launchers,01,قاذفات الصواريخ والقذائف,Missile and Rocket Launchers,04,160301,16030104,10000,,12,20
cls_16030201,16,معدات الدفاع والسلامة,Defense and Safety Equipment,03,قاذفات,Launchers,02,مدافع الهاون,Mortars,01,160302,16030201,10000,,7,12
cls_16030204,16,معدات الدفاع والسلامة,Defense and Safety Equipment,03,قاذفات,Launchers,02,مدافع الهاون,Mortars,04,160302,16030204,10000,,7,12
cls_16040101,16,معدات الدفاع والسلامة,Defense and Safety Equipment,04,معدات تطبيق القانون,Law Enforcement,01,معدات المكافحة البيولوجية الكيميائية,Chemical Biological Control Equipment,01,160401,16040101,10000,,10,20
cls_16040104,16,معدات الدفاع والسلامة,Defense and Safety Equipment,04,معدات تطبيق القانون,Law Enforcement,01,معدات المكافحة البيولوجية الكيميائية,Chemical Biological Control Equipment,04,160401,16040104,10000,,10,20
cls_16040201,16,معدات الدفاع والسلامة,Defense and Safety Equipment,04,معدات تطبيق القانون,Law Enforcement,02,معدات مراقبة الحشود,Crowd Control Equipment,01,160402,16040201,10000,,10,20
cls_16040204,16,معدات الدفاع والسلامة,Defense and Safety Equipment,04,معدات تطبيق القانون,Law Enforcement,02,معدات مراقبة الحشود,Crowd Control Equipment,04,160402,16040204,10000,,10,20
cls_16040301,16,معدات الدفاع والسلامة,Defense and Safety Equipment,04,معدات تطبيق القانون,Law Enforcement,03,معدات التحكم في المتفجرات,Explosives Control Equipment,01,160403,16040301,,,,
cls_16040304,16,معدات الدفاع والسلامة,Defense and Safety Equipment,04,معدات تطبيق القانون,Law Enforcement,03,معدات التحكم في المتفجرات,Explosives Control Equipment,04,160403,16040304,,,,
cls_16040401,16,معدات الدفاع والسلامة,Defense and Safety Equipment,04,معدات تطبيق القانون,Law Enforcement,04,معدات الطب الشرعي,Forensic Equipment,01,160404,16040401,10000,,10,20
cls_16040404,16,معدات الدفاع والسلامة,Defense and Safety Equipment,04,معدات تطبيق القانون,Law Enforcement,04,معدات الطب الشرعي,Forensic Equipment,04,160404,16040404,10000,,10,20
cls_16040501,16,معدات الدفاع والسلامة,Defense and Safety Equipment,04,معدات تطبيق القانون,Law Enforcement,05,معدات الأمن والمراقبة,Security And Control Equipment,01,160405,16040501,10000,,10,20
cls_16040504,16,معدات الدفاع والسلامة,Defense and Safety Equipment,04,معدات تطبيق القانون,Law Enforcement,05,معدات الأمن والمراقبة,Security And Control Equipment,04,160405,16040504,10000,,10,20
cls_16050101,16,معدات الدفاع والسلامة,Defense and Safety Equipment,05,معدات السلامة العامة والتحكم,Public Safety and Control,01,معدات انقاذ,Rescue Equipment,01,160501,16050101,10000,,12,20
cls_16050104,16,معدات الدفاع والسلامة,Defense and Safety Equipment,05,معدات السلامة العامة والتحكم,Public Safety and Control,01,معدات انقاذ,Rescue Equipment,04,160501,16050104,10000,,12,20
cls_16050201,16,معدات الدفاع والسلامة,Defense and Safety Equipment,05,معدات السلامة العامة والتحكم,Public Safety and Control,02,معدات سلامة المياه,Water Safety,01,160502,16050201,10000,,12,20
cls_16050204,16,معدات الدفاع والسلامة,Defense and Safety Equipment,05,معدات السلامة العامة والتحكم,Public Safety and Control,02,معدات سلامة المياه,Water Safety,04,160502,16050204,10000,,12,20
cls_16060101,16,معدات الدفاع والسلامة,Defense and Safety Equipment,06,الصواريخ والقذائف,Rockets and Missiles,01,المعززات,Boosters,01,160601,16060101,10000,,12,20
cls_16060104,16,معدات الدفاع والسلامة,Defense and Safety Equipment,06,الصواريخ والقذائف,Rockets and Missiles,01,المعززات,Boosters,04,160601,16060104,10000,,12,20
cls_16060201,16,معدات الدفاع والسلامة,Defense and Safety Equipment,06,الصواريخ والقذائف,Rockets and Missiles,02,القذائف,Missiles,01,160602,16060201,10000,,15,25
cls_16060204,16,معدات الدفاع والسلامة,Defense and Safety Equipment,06,الصواريخ والقذائف,Rockets and Missiles,02,القذائف,Missiles,04,160602,16060204,10000,,15,25
cls_16060301,16,معدات الدفاع والسلامة,Defense and Safety Equipment,06,الصواريخ والقذائف,Rockets and Missiles,03,الصواريخ,Rockets,01,160603,16060301,10000,,15,25
cls_16060304,16,معدات الدفاع والسلامة,Defense and Safety Equipment,06,الصواريخ والقذائف,Rockets and Missiles,03,الصواريخ,Rockets,04,160603,16060304,10000,,15,25
cls_16060401,16,معدات الدفاع والسلامة,Defense and Safety Equipment,06,الصواريخ والقذائف,Rockets and Missiles,04,قذيفة نسف السفن,Torpedoes,01,160604,16060401,10000,,15,25
cls_16060404,16,معدات الدفاع والسلامة,Defense and Safety Equipment,06,الصواريخ والقذائف,Rockets and Missiles,04,قذيفة نسف السفن,Torpedoes,04,160604,16060404,10000,,15,25
cls_16070101,16,معدات الدفاع والسلامة,Defense and Safety Equipment,07,المراقبة والكشف الأمني,Security Surveillance and Detection,01,معدات الأقفال والأجهزة الأمنية,Locks And Security Hardware,01,160701,16070101,10000,,12,20
cls_16070104,16,معدات الدفاع والسلامة,Defense and Safety Equipment,07,المراقبة والكشف الأمني,Security Surveillance and Detection,01,معدات الأقفال والأجهزة الأمنية,Locks And Security Hardware,04,160701,16070104,10000,,12,20
cls_16070201,16,معدات الدفاع والسلامة,Defense and Safety Equipment,07,المراقبة والكشف الأمني,Security Surveillance and Detection,02,معدات المراقبة والكشف,Surveillance And Detection Equipment,01,160702,16070201,10000,,7,12
cls_16070204,16,معدات الدفاع والسلامة,Defense and Safety Equipment,07,المراقبة والكشف الأمني,Security Surveillance and Detection,02,معدات المراقبة والكشف,Surveillance And Detection Equipment,04,160702,16070204,10000,,7,12
cls_16080101,16,معدات الدفاع والسلامة,Defense and Safety Equipment,08,أسلحة,Weapons,01,أنظمة مناولة الذخيرة,Ammunition Handling Systems,01,160801,16080101,10000,,7,15
cls_16080104,16,معدات الدفاع والسلامة,Defense and Safety Equipment,08,أسلحة,Weapons,01,أنظمة مناولة الذخيرة,Ammunition Handling Systems,04,160801,16080104,10000,,7,15
cls_16080201,16,معدات الدفاع والسلامة,Defense and Safety Equipment,08,أسلحة,Weapons,02,الأسلحة البيضاء,Bladed Weapons,01,160802,16080201,10000,,7,15
cls_16080204,16,معدات الدفاع والسلامة,Defense and Safety Equipment,08,أسلحة,Weapons,02,الأسلحة البيضاء,Bladed Weapons,04,160802,16080204,10000,,7,15
cls_16080301,16,معدات الدفاع والسلامة,Defense and Safety Equipment,08,أسلحة,Weapons,03,الأسلحة النارية,Firearms,01,160803,16080301,10000,,7,15
cls_16080304,16,معدات الدفاع والسلامة,Defense and Safety Equipment,08,أسلحة,Weapons,03,الأسلحة النارية,Firearms,04,160803,16080304,10000,,7,15
cls_16080401,16,معدات الدفاع والسلامة,Defense and Safety Equipment,08,أسلحة,Weapons,04,أجهزة الاستشعار بالأشعة تحت الحمراء,Infrared Ir Sensors,01,160804,16080401,10000,,7,15
cls_16080404,16,معدات الدفاع والسلامة,Defense and Safety Equipment,08,أسلحة,Weapons,04,أجهزة الاستشعار بالأشعة تحت الحمراء,Infrared Ir Sensors,04,160804,16080404,10000,,7,15
cls_17010101,17,معدات التصنيع والإنتاج والآلات الثقيلة,"Manufacturing, Production Equipment & Heavy Duty Machinery",01,آلات البناء والمعدات الثقيلة,Construction & Heavy Duty Machinery,01,المصاعد الهوائية,Aerial Lifts,01,170101,17010101,10000,,15,25
cls_17010104,17,معدات التصنيع والإنتاج والآلات الثقيلة,"Manufacturing, Production Equipment & Heavy Duty Machinery",01,آلات البناء والمعدات الثقيلة,Construction & Heavy Duty Machinery,01,المصاعد الهوائية,Aerial Lifts,04,170101,17010104,10000,,15,25
cls_17010201,17,معدات التصنيع والإنتاج والآلات الثقيلة,"Manufacturing, Production Equipment & Heavy Duty Machinery",01,آلات البناء والمعدات الثقيلة,Construction & Heavy Duty Machinery,02,مذيب أسفلت,Asphalt melter,01,170102,17010201,10000,,3,7
cls_17010204,17,معدات التصنيع والإنتاج والآلات الثقيلة,"Manufacturing, Production Equipment & Heavy Duty Machinery",01,آلات البناء والمعدات الثقيلة,Construction & Heavy Duty Machinery,02,مذيب أسفلت,Asphalt melter,04,170102,17010204,10000,,3,7
cls_17010301,17,معدات التصنيع والإنتاج والآلات الثقيلة,"Manufacturing, Production Equipment & Heavy Duty Machinery",01,آلات البناء والمعدات الثقيلة,Construction & Heavy Duty Machinery,03,آلات تشييد المباني,Building Construction Machinery,01,170103,17010301,10000,,12,20
cls_17010304,17,معدات التصنيع والإنتاج والآلات الثقيلة,"Manufacturing, Production Equipment & Heavy Duty Machinery",01,آلات البناء والمعدات الثقيلة,Construction & Heavy Duty Machinery,03,آلات تشييد المباني,Building Construction Machinery,04,170103,17010304,10000,,12,20
cls_17010401,17,معدات التصنيع والإنتاج والآلات الثقيلة,"Manufacturing, Production Equipment & Heavy Duty Machinery",01,آلات البناء والمعدات الثقيلة,Construction & Heavy Duty Machinery,04,آلات هدم المباني,Building Demolition Machinery,01,170104,17010401,10000,,12,20
cls_17010404,17,معدات التصنيع والإنتاج والآلات الثقيلة,"Manufacturing, Production Equipment & Heavy Duty Machinery",01,آلات البناء والمعدات الثقيلة,Construction & Heavy Duty Machinery,04,آلات هدم المباني,Building Demolition Machinery,04,170104,17010404,10000,,12,20
cls_17010501,17,معدات التصنيع والإنتاج والآلات الثقيلة,"Manufacturing, Production Equipment & Heavy Duty Machinery",01,آلات البناء والمعدات الثقيلة,Construction & Heavy Duty Machinery,05,ضواغط وبكرات,Compactors & Rollers,01,170105,17010501,10000,,12,20
cls_17010504,17,معدات التصنيع والإنتاج والآلات الثقيلة,"Manufacturing, Production Equipment & Heavy Duty Machinery",01,آلات البناء والمعدات الثقيلة,Construction & Heavy Duty Machinery,05,ضواغط وبكرات,Compactors & Rollers,04,170105,17010504,10000,,12,20
cls_17010601,17,معدات التصنيع والإنتاج والآلات الثقيلة,"Manufacturing, Production Equipment & Heavy Duty Machinery",01,آلات البناء والمعدات الثقيلة,Construction & Heavy Duty Machinery,06,الكسارات والمطاحن,"Crushers, Breakers & Grinders",01,170106,17010601,10000,,15,25
cls_17010604,17,معدات التصنيع والإنتاج والآلات الثقيلة,"Manufacturing, Production Equipment & Heavy Duty Machinery",01,آلات البناء والمعدات الثقيلة,Construction & Heavy Duty Machinery,06,الكسارات والمطاحن,"Crushers, Breakers & Grinders",04,170106,17010604,10000,,15,25
cls_17010701,17,معدات التصنيع والإنتاج والآلات الثقيلة,"Manufacturing, Production Equipment & Heavy Duty Machinery",01,آلات البناء والمعدات الثقيلة,Construction & Heavy Duty Machinery,07,جرافات سلكية,Draglines,01,170107,17010701,10000,,12,20
cls_17010704,17,معدات التصنيع والإنتاج والآلات الثقيلة,"Manufacturing, Production Equipment & Heavy Duty Machinery",01,آلات البناء والمعدات الثقيلة,Construction & Heavy Duty Machinery,07,جرافات سلكية,Draglines,04,170107,17010704,10000,,12,20
cls_17010801,17,معدات التصنيع والإنتاج والآلات الثقيلة,"Manufacturing, Production Equipment & Heavy Duty Machinery",01,آلات البناء والمعدات الثقيلة,Construction & Heavy Duty Machinery,08,جرافات,Dredgers,01,170108,17010801,10000,,7,12
cls_17010804,17,معدات التصنيع والإنتاج والآلات الثقيلة,"Manufacturing, Production Equipment & Heavy Duty Machinery",01,آلات البناء والمعدات الثقيلة,Construction & Heavy Duty Machinery,08,جرافات,Dredgers,04,170108,17010804,10000,,7,12
cls_17010901,17,معدات التصنيع والإنتاج والآلات الثقيلة,"Manufacturing, Production Equipment & Heavy Duty Machinery",01,آلات البناء والمعدات الثقيلة,Construction & Heavy Duty Machinery,09,ماكينات الحفر والأكوام,Drilling & Pile Extractors Machinery,01,170109,17010901,10000,,7,12
cls_17010904,17,معدات التصنيع والإنتاج والآلات الثقيلة,"Manufacturing, Production Equipment & Heavy Duty Machinery",01,آلات البناء والمعدات الثقيلة,Construction & Heavy Duty Machinery,09,ماكينات الحفر والأكوام,Drilling & Pile Extractors Machinery,04,170109,17010904,10000,,7,12
cls_17011001,17,معدات التصنيع والإنتاج والآلات الثقيلة,"Manufacturing, Production Equipment & Heavy Duty Machinery",01,آلات البناء والمعدات الثقيلة,Construction & Heavy Duty Machinery,10,حفارات,Excavators,01,170110,17011001,10000,,7,12
cls_17011004,17,معدات التصنيع والإنتاج والآلات الثقيلة,"Manufacturing, Production Equipment & Heavy Duty Machinery",01,آلات البناء والمعدات الثقيلة,Construction & Heavy Duty Machinery,10,حفارات,Excavators,04,170110,17011004,10000,,7,12
cls_17011101,17,معدات التصنيع والإنتاج والآلات الثقيلة,"Manufacturing, Production Equipment & Heavy Duty Machinery",01,آلات البناء والمعدات الثقيلة,Construction & Heavy Duty Machinery,11,أنظمة استكشاف وتطوير,Exploration And Development Systems,01,170111,17011101,10000,,7,12
cls_17011104,17,معدات التصنيع والإنتاج والآلات الثقيلة,"Manufacturing, Production Equipment & Heavy Duty Machinery",01,آلات البناء والمعدات الثقيلة,Construction & Heavy Duty Machinery,11,أنظمة استكشاف وتطوير,Exploration And Development Systems,04,170111,17011104,10000,,7,12
cls_17011201,17,معدات التصنيع والإنتاج والآلات الثقيلة,"Manufacturing, Production Equipment & Heavy Duty Machinery",01,آلات البناء والمعدات الثقيلة,Construction & Heavy Duty Machinery,12,ماكينات تحميل متفجرات,Explosive Loading Machinery,01,170112,17011201,10000,,12,20
cls_17011204,17,معدات التصنيع والإنتاج والآلات الثقيلة,"Manufacturing, Production Equipment & Heavy Duty Machinery",01,آلات البناء والمعدات الثقيلة,Construction & Heavy Duty Machinery,12,ماكينات تحميل متفجرات,Explosive Loading Machinery,04,170112,17011204,10000,,12,20
cls_17011301,17,معدات التصنيع والإنتاج والآلات الثقيلة,"Manufacturing, Production Equipment & Heavy Duty Machinery",01,آلات البناء والمعدات الثقيلة,Construction & Heavy Duty Machinery,13,آلات الصب,Foundry Machines,01,170113,17011301,10000,,7,12
cls_17011304,17,معدات التصنيع والإنتاج والآلات الثقيلة,"Manufacturing, Production Equipment & Heavy Duty Machinery",01,آلات البناء والمعدات الثقيلة,Construction & Heavy Duty Machinery,13,آلات الصب,Foundry Machines,04,170113,17011304,10000,,7,12
cls_17011401,17,معدات التصنيع والإنتاج والآلات الثقيلة,"Manufacturing, Production Equipment & Heavy Duty Machinery",01,آلات البناء والمعدات الثقيلة,Construction & Heavy Duty Machinery,14,مكابس هيدروليكية,Hydraulic Presses,01,170114,17011401,10000,,15,25
cls_17011404,17,معدات التصنيع والإنتاج والآلات الثقيلة,"Manufacturing, Production Equipment & Heavy Duty Machinery",01,آلات البناء والمعدات الثقيلة,Construction & Heavy Duty Machinery,14,مكابس هيدروليكية,Hydraulic Presses,04,170114,17011404,10000,,15,25
cls_17011501,17,معدات التصنيع والإنتاج والآلات الثقيلة,"Manufacturing, Production Equipment & Heavy Duty Machinery",01,آلات البناء والمعدات الثقيلة,Construction & Heavy Duty Machinery,15,أدوات الهيدروليكية,Hydraulic Tools,01,170115,17011501,10000,,12,20
cls_17011504,17,معدات التصنيع والإنتاج والآلات الثقيلة,"Manufacturing, Production Equipment & Heavy Duty Machinery",01,آلات البناء والمعدات الثقيلة,Construction & Heavy Duty Machinery,15,أدوات الهيدروليكية,Hydraulic Tools,04,170115,17011504,10000,,12,20
cls_17011601,17,معدات التصنيع والإنتاج والآلات الثقيلة,"Manufacturing, Production Equipment & Heavy Duty Machinery",01,آلات البناء والمعدات الثقيلة,Construction & Heavy Duty Machinery,16,رافعات,Loaders,01,170116,17011601,10000,,12,20
cls_17011604,17,معدات التصنيع والإنتاج والآلات الثقيلة,"Manufacturing, Production Equipment & Heavy Duty Machinery",01,آلات البناء والمعدات الثقيلة,Construction & Heavy Duty Machinery,16,رافعات,Loaders,04,170116,17011604,10000,,12,20
cls_17011701,17,معدات التصنيع والإنتاج والآلات الثقيلة,"Manufacturing, Production Equipment & Heavy Duty Machinery",01,آلات البناء والمعدات الثقيلة,Construction & Heavy Duty Machinery,17,أنظمة الدعم الأرضي الميكانيكية,Mechanized Ground Support Systems,01,170117,17011701,10000,,7,12
cls_17011704,17,معدات التصنيع والإنتاج والآلات الثقيلة,"Manufacturing, Production Equipment & Heavy Duty Machinery",01,آلات البناء والمعدات الثقيلة,Construction & Heavy Duty Machinery,17,أنظمة الدعم الأرضي الميكانيكية,Mechanized Ground Support Systems,04,170117,17011704,10000,,7,12
cls_17011801,17,معدات التصنيع والإنتاج والآلات الثقيلة,"Manufacturing, Production Equipment & Heavy Duty Machinery",01,آلات البناء والمعدات الثقيلة,Construction & Heavy Duty Machinery,18,عجانات,Mixers,01,170118,17011801,10000,,7,12
cls_17011804,17,معدات التصنيع والإنتاج والآلات الثقيلة,"Manufacturing, Production Equipment & Heavy Duty Machinery",01,آلات البناء والمعدات الثقيلة,Construction & Heavy Duty Machinery,18,عجانات,Mixers,04,170118,17011804,10000,,7,12
cls_17011901,17,معدات التصنيع والإنتاج والآلات الثقيلة,"Manufacturing, Production Equipment & Heavy Duty Machinery",01,آلات البناء والمعدات الثقيلة,Construction & Heavy Duty Machinery,19,ماكينات الرصف والتشطيب,Paving and finishing Machines,01,170119,17011901,10000,,7,12
cls_17011904,17,معدات التصنيع والإنتاج والآلات الثقيلة,"Manufacturing, Production Equipment & Heavy Duty Machinery",01,آلات البناء والمعدات الثقيلة,Construction & Heavy Duty Machinery,19,ماكينات الرصف والتشطيب,Paving and finishing Machines,04,170119,17011904,10000,,7,12
cls_17012001,17,معدات التصنيع والإنتاج والآلات الثقيلة,"Manufacturing, Production Equipment & Heavy Duty Machinery",01,آلات البناء والمعدات الثقيلة,Construction & Heavy Duty Machinery,20,أدوات تعمل بالهواء المضغوط,Pneumatic Tools,01,170120,17012001,10000,,3,7
cls_17012004,17,معدات التصنيع والإنتاج والآلات الثقيلة,"Manufacturing, Production Equipment & Heavy Duty Machinery",01,آلات البناء والمعدات الثقيلة,Construction & Heavy Duty Machinery,20,أدوات تعمل بالهواء المضغوط,Pneumatic Tools,04,170120,17012004,10000,,3,7
cls_17012101,17,معدات التصنيع والإنتاج والآلات الثقيلة,"Manufacturing, Production Equipment & Heavy Duty Machinery",01,آلات البناء والمعدات الثقيلة,Construction & Heavy Duty Machinery,21,سخانات سطح الطريق,Road surface heaters,01,170121,17012101,10000,,7,12
cls_17012104,17,معدات التصنيع والإنتاج والآلات الثقيلة,"Manufacturing, Production Equipment & Heavy Duty Machinery",01,آلات البناء والمعدات الثقيلة,Construction & Heavy Duty Machinery,21,سخانات سطح الطريق,Road surface heaters,04,170121,17012104,10000,,7,12
cls_17012201,17,معدات التصنيع والإنتاج والآلات الثقيلة,"Manufacturing, Production Equipment & Heavy Duty Machinery",01,آلات البناء والمعدات الثقيلة,Construction & Heavy Duty Machinery,22,موسعات الطريق,Road wideners,01,170122,17012201,10000,,7,12
cls_17012204,17,معدات التصنيع والإنتاج والآلات الثقيلة,"Manufacturing, Production Equipment & Heavy Duty Machinery",01,آلات البناء والمعدات الثقيلة,Construction & Heavy Duty Machinery,22,موسعات الطريق,Road wideners,04,170122,17012204,10000,,7,12
cls_17012301,17,معدات التصنيع والإنتاج والآلات الثقيلة,"Manufacturing, Production Equipment & Heavy Duty Machinery",01,آلات البناء والمعدات الثقيلة,Construction & Heavy Duty Machinery,23,معدات مناخل وتغذية,Screens And Feeding Equipment,01,170123,17012301,10000,,12,20
cls_17012304,17,معدات التصنيع والإنتاج والآلات الثقيلة,"Manufacturing, Production Equipment & Heavy Duty Machinery",01,آلات البناء والمعدات الثقيلة,Construction & Heavy Duty Machinery,23,معدات مناخل وتغذية,Screens And Feeding Equipment,04,170123,17012304,10000,,12,20
cls_17012401,17,معدات التصنيع والإنتاج والآلات الثقيلة,"Manufacturing, Production Equipment & Heavy Duty Machinery",01,آلات البناء والمعدات الثقيلة,Construction & Heavy Duty Machinery,24,آلات القشط,Scrubbing machines,01,170124,17012401,10000,,12,20
cls_17012404,17,معدات التصنيع والإنتاج والآلات الثقيلة,"Manufacturing, Production Equipment & Heavy Duty Machinery",01,آلات البناء والمعدات الثقيلة,Construction & Heavy Duty Machinery,24,آلات القشط,Scrubbing machines,04,170124,17012404,10000,,12,20
cls_17012501,17,معدات التصنيع والإنتاج والآلات الثقيلة,"Manufacturing, Production Equipment & Heavy Duty Machinery",01,آلات البناء والمعدات الثقيلة,Construction & Heavy Duty Machinery,25,آلات الانفصال,Separation Machinery,01,170125,17012501,10000,,12,20
cls_17012504,17,معدات التصنيع والإنتاج والآلات الثقيلة,"Manufacturing, Production Equipment & Heavy Duty Machinery",01,آلات البناء والمعدات الثقيلة,Construction & Heavy Duty Machinery,25,آلات الانفصال,Separation Machinery,04,170125,17012504,10000,,12,20
cls_17012601,17,معدات التصنيع والإنتاج والآلات الثقيلة,"Manufacturing, Production Equipment & Heavy Duty Machinery",01,آلات البناء والمعدات الثقيلة,Construction & Heavy Duty Machinery,26,الموزعات,Spreaders,01,170126,17012601,10000,,7,12
cls_17012604,17,معدات التصنيع والإنتاج والآلات الثقيلة,"Manufacturing, Production Equipment & Heavy Duty Machinery",01,آلات البناء والمعدات الثقيلة,Construction & Heavy Duty Machinery,26,الموزعات,Spreaders,04,170126,17012604,10000,,7,12
cls_17012701,17,معدات التصنيع والإنتاج والآلات الثقيلة,"Manufacturing, Production Equipment & Heavy Duty Machinery",01,آلات البناء والمعدات الثقيلة,Construction & Heavy Duty Machinery,27,آلات حفر الخنادق وممهدات,Trenching Machines & Graders,01,170127,17012701,10000,,12,20
cls_17012704,17,معدات التصنيع والإنتاج والآلات الثقيلة,"Manufacturing, Production Equipment & Heavy Duty Machinery",01,آلات البناء والمعدات الثقيلة,Construction & Heavy Duty Machinery,27,آلات حفر الخنادق وممهدات,Trenching Machines & Graders,04,170127,17012704,10000,,12,20
cls_17012801,17,معدات التصنيع والإنتاج والآلات الثقيلة,"Manufacturing, Production Equipment & Heavy Duty Machinery",01,آلات البناء والمعدات الثقيلة,Construction & Heavy Duty Machinery,28,كاشطات,scrapers,01,170128,17012801,10000,,3,7
cls_17012804,17,معدات التصنيع والإنتاج والآلات الثقيلة,"Manufacturing, Production Equipment & Heavy Duty Machinery",01,آلات البناء والمعدات الثقيلة,Construction & Heavy Duty Machinery,28,كاشطات,scrapers,04,170128,17012804,10000,,3,7
cls_17020101,17,معدات التصنيع والإنتاج والآلات الثقيلة,"Manufacturing, Production Equipment & Heavy Duty Machinery",02,آلات التصنيع الإلكترونية,Electronic Manufacturing Machinery,01,نظام صنع لوحة الدوائر,Circuit Board Making System,01,170201,17020101,10000,,7,12
cls_17020104,17,معدات التصنيع والإنتاج والآلات الثقيلة,"Manufacturing, Production Equipment & Heavy Duty Machinery",02,آلات التصنيع الإلكترونية,Electronic Manufacturing Machinery,01,نظام صنع لوحة الدوائر,Circuit Board Making System,04,170201,17020104,10000,,7,12
cls_17020201,17,معدات التصنيع والإنتاج والآلات الثقيلة,"Manufacturing, Production Equipment & Heavy Duty Machinery",02,آلات التصنيع الإلكترونية,Electronic Manufacturing Machinery,02,آلات التجميع الإلكترونية,Electronic Assembly Machinery,01,170202,17020201,10000,,7,12
cls_17020204,17,معدات التصنيع والإنتاج والآلات الثقيلة,"Manufacturing, Production Equipment & Heavy Duty Machinery",02,آلات التصنيع الإلكترونية,Electronic Manufacturing Machinery,02,آلات التجميع الإلكترونية,Electronic Assembly Machinery,04,170202,17020204,10000,,7,12
cls_17020301,17,معدات التصنيع والإنتاج والآلات الثقيلة,"Manufacturing, Production Equipment & Heavy Duty Machinery",02,آلات التصنيع الإلكترونية,Electronic Manufacturing Machinery,03,زارع الأيونات,Ion implanter,01,170203,17020301,10000,,10,20
cls_17020304,17,معدات التصنيع والإنتاج والآلات الثقيلة,"Manufacturing, Production Equipment & Heavy Duty Machinery",02,آلات التصنيع الإلكترونية,Electronic Manufacturing Machinery,03,زارع الأيونات,Ion implanter,04,170203,17020304,10000,,10,20
cls_17020401,17,معدات التصنيع والإنتاج والآلات الثقيلة,"Manufacturing, Production Equipment & Heavy Duty Machinery",02,آلات التصنيع الإلكترونية,Electronic Manufacturing Machinery,04,آلات التصنيع الإلكترونية الأخرى,Other Electronic Manufacturing Machinery,01,170204,17020401,10000,,5,15
cls_17020404,17,معدات التصنيع والإنتاج والآلات الثقيلة,"Manufacturing, Production Equipment & Heavy Duty Machinery",02,آلات التصنيع الإلكترونية,Electronic Manufacturing Machinery,04,آلات التصنيع الإلكترونية الأخرى,Other Electronic Manufacturing Machinery,04,170204,17020404,10000,,5,15
cls_17020501,17,معدات التصنيع والإنتاج والآلات الثقيلة,"Manufacturing, Production Equipment & Heavy Duty Machinery",02,آلات التصنيع الإلكترونية,Electronic Manufacturing Machinery,05,التشريب الفراغي,Vacuum impregnation,01,170205,17020501,10000,,7,12
cls_17020504,17,معدات التصنيع والإنتاج والآلات الثقيلة,"Manufacturing, Production Equipment & Heavy Duty Machinery",02,آلات التصنيع الإلكترونية,Electronic Manufacturing Machinery,05,التشريب الفراغي,Vacuum impregnation,04,170205,17020504,10000,,7,12
cls_17030101,17,معدات التصنيع والإنتاج والآلات الثقيلة,"Manufacturing, Production Equipment & Heavy Duty Machinery",03,آلات معالجة وتصنيع الأغذية,Food Manufacturing & Processing Machinery,01,آلات تجهيز المشروبات,Beverage Processing Machinery,01,170301,17030101,10000,,7,12
cls_17030104,17,معدات التصنيع والإنتاج والآلات الثقيلة,"Manufacturing, Production Equipment & Heavy Duty Machinery",03,آلات معالجة وتصنيع الأغذية,Food Manufacturing & Processing Machinery,01,آلات تجهيز المشروبات,Beverage Processing Machinery,04,170301,17030104,10000,,7,12
cls_17030201,17,معدات التصنيع والإنتاج والآلات الثقيلة,"Manufacturing, Production Equipment & Heavy Duty Machinery",03,آلات معالجة وتصنيع الأغذية,Food Manufacturing & Processing Machinery,02,ماكينات غسيل وتحميل الصناديق,Crate Uploading and Washing Machinery,01,170302,17030201,10000,,7,12
cls_17030204,17,معدات التصنيع والإنتاج والآلات الثقيلة,"Manufacturing, Production Equipment & Heavy Duty Machinery",03,آلات معالجة وتصنيع الأغذية,Food Manufacturing & Processing Machinery,02,ماكينات غسيل وتحميل الصناديق,Crate Uploading and Washing Machinery,04,170302,17030204,10000,,7,12
cls_17030301,17,معدات التصنيع والإنتاج والآلات الثقيلة,"Manufacturing, Production Equipment & Heavy Duty Machinery",03,آلات معالجة وتصنيع الأغذية,Food Manufacturing & Processing Machinery,03,آلات إزالة الريش,Defeathering Machinery,01,170303,17030301,10000,,7,12
cls_17030304,17,معدات التصنيع والإنتاج والآلات الثقيلة,"Manufacturing, Production Equipment & Heavy Duty Machinery",03,آلات معالجة وتصنيع الأغذية,Food Manufacturing & Processing Machinery,03,آلات إزالة الريش,Defeathering Machinery,04,170303,17030304,10000,,7,12
cls_17030401,17,معدات التصنيع والإنتاج والآلات الثقيلة,"Manufacturing, Production Equipment & Heavy Duty Machinery",03,آلات معالجة وتصنيع الأغذية,Food Manufacturing & Processing Machinery,04,آلات نزع الأحشاء,Evisceration Machinery,01,170304,17030401,10000,,7,12
cls_17030404,17,معدات التصنيع والإنتاج والآلات الثقيلة,"Manufacturing, Production Equipment & Heavy Duty Machinery",03,آلات معالجة وتصنيع الأغذية,Food Manufacturing & Processing Machinery,04,آلات نزع الأحشاء,Evisceration Machinery,04,170304,17030404,10000,,7,12
cls_17030501,17,معدات التصنيع والإنتاج والآلات الثقيلة,"Manufacturing, Production Equipment & Heavy Duty Machinery",03,آلات معالجة وتصنيع الأغذية,Food Manufacturing & Processing Machinery,05,معدات توزيع المأكولات و المشروبات,Food & Beverage Dispensing Equipment,01,170305,17030501,10000,,7,12
cls_17030504,17,معدات التصنيع والإنتاج والآلات الثقيلة,"Manufacturing, Production Equipment & Heavy Duty Machinery",03,آلات معالجة وتصنيع الأغذية,Food Manufacturing & Processing Machinery,05,معدات توزيع المأكولات و المشروبات,Food & Beverage Dispensing Equipment,04,170305,17030504,10000,,7,12
cls_17030601,17,معدات التصنيع والإنتاج والآلات الثقيلة,"Manufacturing, Production Equipment & Heavy Duty Machinery",03,آلات معالجة وتصنيع الأغذية,Food Manufacturing & Processing Machinery,06,آلات طهي طعام وتدخين,Food Cooking And Smoking Machinery,01,170306,17030601,10000,,7,12
cls_17030604,17,معدات التصنيع والإنتاج والآلات الثقيلة,"Manufacturing, Production Equipment & Heavy Duty Machinery",03,آلات معالجة وتصنيع الأغذية,Food Manufacturing & Processing Machinery,06,آلات طهي طعام وتدخين,Food Cooking And Smoking Machinery,04,170306,17030604,10000,,7,12
cls_17030701,17,معدات التصنيع والإنتاج والآلات الثقيلة,"Manufacturing, Production Equipment & Heavy Duty Machinery",03,آلات معالجة وتصنيع الأغذية,Food Manufacturing & Processing Machinery,07,آلات تقطيع أطعمة,Food Cutting Machinery,01,170307,17030701,10000,,12,15
cls_17030704,17,معدات التصنيع والإنتاج والآلات الثقيلة,"Manufacturing, Production Equipment & Heavy Duty Machinery",03,آلات معالجة وتصنيع الأغذية,Food Manufacturing & Processing Machinery,07,آلات تقطيع أطعمة,Food Cutting Machinery,04,170307,17030704,10000,,12,15
cls_17030801,17,معدات التصنيع والإنتاج والآلات الثقيلة,"Manufacturing, Production Equipment & Heavy Duty Machinery",03,آلات معالجة وتصنيع الأغذية,Food Manufacturing & Processing Machinery,08,آلات إعداد الطعام,Food Preparation Machinery,01,170308,17030801,10000,,12,15
cls_17030804,17,معدات التصنيع والإنتاج والآلات الثقيلة,"Manufacturing, Production Equipment & Heavy Duty Machinery",03,آلات معالجة وتصنيع الأغذية,Food Manufacturing & Processing Machinery,08,آلات إعداد الطعام,Food Preparation Machinery,04,170308,17030804,10000,,12,15
cls_17030901,17,معدات التصنيع والإنتاج والآلات الثقيلة,"Manufacturing, Production Equipment & Heavy Duty Machinery",03,آلات معالجة وتصنيع الأغذية,Food Manufacturing & Processing Machinery,09,آلات الذبح,Slaughtering Machinery,01,170309,17030901,10000,,7,12
cls_17030904,17,معدات التصنيع والإنتاج والآلات الثقيلة,"Manufacturing, Production Equipment & Heavy Duty Machinery",03,آلات معالجة وتصنيع الأغذية,Food Manufacturing & Processing Machinery,09,آلات الذبح,Slaughtering Machinery,04,170309,17030904,10000,,7,12
cls_17040101,17,معدات التصنيع والإنتاج والآلات الثقيلة,"Manufacturing, Production Equipment & Heavy Duty Machinery",04,التبريد الصناعي,Industrial Refrigeration,01,صانعات الثلج,Ice Makers,01,170401,17040101,10000,,3,7
cls_17040104,17,معدات التصنيع والإنتاج والآلات الثقيلة,"Manufacturing, Production Equipment & Heavy Duty Machinery",04,التبريد الصناعي,Industrial Refrigeration,01,صانعات الثلج,Ice Makers,04,170401,17040104,10000,,3,7
cls_17040201,17,معدات التصنيع والإنتاج والآلات الثقيلة,"Manufacturing, Production Equipment & Heavy Duty Machinery",04,التبريد الصناعي,Industrial Refrigeration,02,مجمدات صناعية,Industrial Freezers,01,170402,17040201,10000,,12,15
cls_17040204,17,معدات التصنيع والإنتاج والآلات الثقيلة,"Manufacturing, Production Equipment & Heavy Duty Machinery",04,التبريد الصناعي,Industrial Refrigeration,02,مجمدات صناعية,Industrial Freezers,04,170402,17040204,10000,,12,15
cls_17040301,17,معدات التصنيع والإنتاج والآلات الثقيلة,"Manufacturing, Production Equipment & Heavy Duty Machinery",04,التبريد الصناعي,Industrial Refrigeration,03,ثلاجات التخزين,Storage Refrigerators,01,170403,17040301,10000,,15,25
cls_17040304,17,معدات التصنيع والإنتاج والآلات الثقيلة,"Manufacturing, Production Equipment & Heavy Duty Machinery",04,التبريد الصناعي,Industrial Refrigeration,03,ثلاجات التخزين,Storage Refrigerators,04,170403,17040304,10000,,15,25
cls_17050101,17,معدات التصنيع والإنتاج والآلات الثقيلة,"Manufacturing, Production Equipment & Heavy Duty Machinery",05,ماكينات مناولة المواد,Material Handling Machinery,01,مركبات ذات التوجيه الآلي,Automatic Guided Vehicles AGV,01,170501,17050101,10000,,7,12
cls_17050104,17,معدات التصنيع والإنتاج والآلات الثقيلة,"Manufacturing, Production Equipment & Heavy Duty Machinery",05,ماكينات مناولة المواد,Material Handling Machinery,01,مركبات ذات التوجيه الآلي,Automatic Guided Vehicles AGV,04,170501,17050104,10000,,7,12
cls_17050201,17,معدات التصنيع والإنتاج والآلات الثقيلة,"Manufacturing, Production Equipment & Heavy Duty Machinery",05,ماكينات مناولة المواد,Material Handling Machinery,02,النظام الناقل,Conveyors,01,170502,17050201,10000,,15,25
cls_17050204,17,معدات التصنيع والإنتاج والآلات الثقيلة,"Manufacturing, Production Equipment & Heavy Duty Machinery",05,ماكينات مناولة المواد,Material Handling Machinery,02,النظام الناقل,Conveyors,04,170502,17050204,10000,,15,25
cls_17050301,17,معدات التصنيع والإنتاج والآلات الثقيلة,"Manufacturing, Production Equipment & Heavy Duty Machinery",05,ماكينات مناولة المواد,Material Handling Machinery,03,رافعة مجنزرة,Crawler Crane,01,170503,17050301,10000,,12,20
cls_17050304,17,معدات التصنيع والإنتاج والآلات الثقيلة,"Manufacturing, Production Equipment & Heavy Duty Machinery",05,ماكينات مناولة المواد,Material Handling Machinery,03,رافعة مجنزرة,Crawler Crane,04,170503,17050304,10000,,12,20
cls_17050401,17,معدات التصنيع والإنتاج والآلات الثقيلة,"Manufacturing, Production Equipment & Heavy Duty Machinery",05,ماكينات مناولة المواد,Material Handling Machinery,04,معدات رصيف التحميل من المستودعات,Dock Equipment,01,170504,17050401,,,,
cls_17050404,17,معدات التصنيع والإنتاج والآلات الثقيلة,"Manufacturing, Production Equipment & Heavy Duty Machinery",05,ماكينات مناولة المواد,Material Handling Machinery,04,معدات رصيف التحميل من المستودعات,Dock Equipment,04,170504,17050404,,,,
cls_17050501,17,معدات التصنيع والإنتاج والآلات الثقيلة,"Manufacturing, Production Equipment & Heavy Duty Machinery",05,ماكينات مناولة المواد,Material Handling Machinery,05,معدات مناولة اسطوانية,Drum Handling Equipment,01,170505,17050501,10000,,12,20
cls_17050504,17,معدات التصنيع والإنتاج والآلات الثقيلة,"Manufacturing, Production Equipment & Heavy Duty Machinery",05,ماكينات مناولة المواد,Material Handling Machinery,05,معدات مناولة اسطوانية,Drum Handling Equipment,04,170505,17050504,10000,,12,20
cls_17050601,17,معدات التصنيع والإنتاج والآلات الثقيلة,"Manufacturing, Production Equipment & Heavy Duty Machinery",05,ماكينات مناولة المواد,Material Handling Machinery,06,رافعة شوكية,Forklift,01,170506,17050601,10000,,7,12
cls_17050604,17,معدات التصنيع والإنتاج والآلات الثقيلة,"Manufacturing, Production Equipment & Heavy Duty Machinery",05,ماكينات مناولة المواد,Material Handling Machinery,06,رافعة شوكية,Forklift,04,170506,17050604,10000,,7,12
cls_17050701,17,معدات التصنيع والإنتاج والآلات الثقيلة,"Manufacturing, Production Equipment & Heavy Duty Machinery",05,ماكينات مناولة المواد,Material Handling Machinery,07,حاملات و أجهزة توجيه و تحكم,"Holding, Positioning and Guiding System",01,170507,17050701,10000,,,20
cls_17050704,17,معدات التصنيع والإنتاج والآلات الثقيلة,"Manufacturing, Production Equipment & Heavy Duty Machinery",05,ماكينات مناولة المواد,Material Handling Machinery,07,حاملات و أجهزة توجيه و تحكم,"Holding, Positioning and Guiding System",04,170507,17050704,10000,,,20
cls_17050801,17,معدات التصنيع والإنتاج والآلات الثقيلة,"Manufacturing, Production Equipment & Heavy Duty Machinery",05,ماكينات مناولة المواد,Material Handling Machinery,08,استاندات وطاولات صناعية,Manufacturing Tables And Stands,01,170508,17050801,,,,
cls_17050804,17,معدات التصنيع والإنتاج والآلات الثقيلة,"Manufacturing, Production Equipment & Heavy Duty Machinery",05,ماكينات مناولة المواد,Material Handling Machinery,08,استاندات وطاولات صناعية,Manufacturing Tables And Stands,04,170508,17050804,,,,
cls_17050901,17,معدات التصنيع والإنتاج والآلات الثقيلة,"Manufacturing, Production Equipment & Heavy Duty Machinery",05,ماكينات مناولة المواد,Material Handling Machinery,09,معدات الرفع أخرى,Other Lifting Equipment,01,170509,17050901,10000,,7,12
cls_17050904,17,معدات التصنيع والإنتاج والآلات الثقيلة,"Manufacturing, Production Equipment & Heavy Duty Machinery",05,ماكينات مناولة المواد,Material Handling Machinery,09,معدات الرفع أخرى,Other Lifting Equipment,04,170509,17050904,10000,,7,12
cls_17051001,17,معدات التصنيع والإنتاج والآلات الثقيلة,"Manufacturing, Production Equipment & Heavy Duty Machinery",05,ماكينات مناولة المواد,Material Handling Machinery,10,رافعة علوية,Overhead Crane,01,170510,17051001,10000,,15,25
cls_17051004,17,معدات التصنيع والإنتاج والآلات الثقيلة,"Manufacturing, Production Equipment & Heavy Duty Machinery",05,ماكينات مناولة المواد,Material Handling Machinery,10,رافعة علوية,Overhead Crane,04,170510,17051004,10000,,15,25
cls_17051101,17,معدات التصنيع والإنتاج والآلات الثقيلة,"Manufacturing, Production Equipment & Heavy Duty Machinery",05,ماكينات مناولة المواد,Material Handling Machinery,11,ماكينات التغليف,Packing Machinery,01,170511,17051101,10000,,7,12
cls_17051104,17,معدات التصنيع والإنتاج والآلات الثقيلة,"Manufacturing, Production Equipment & Heavy Duty Machinery",05,ماكينات مناولة المواد,Material Handling Machinery,11,ماكينات التغليف,Packing Machinery,04,170511,17051104,10000,,7,12
cls_17051201,17,معدات التصنيع والإنتاج والآلات الثقيلة,"Manufacturing, Production Equipment & Heavy Duty Machinery",05,ماكينات مناولة المواد,Material Handling Machinery,12,رافعة التضاريس الوعرة,Rough terrain Crane,01,170512,17051201,10000,,12,20
cls_17051204,17,معدات التصنيع والإنتاج والآلات الثقيلة,"Manufacturing, Production Equipment & Heavy Duty Machinery",05,ماكينات مناولة المواد,Material Handling Machinery,12,رافعة التضاريس الوعرة,Rough terrain Crane,04,170512,17051204,10000,,12,20
cls_17051301,17,معدات التصنيع والإنتاج والآلات الثقيلة,"Manufacturing, Production Equipment & Heavy Duty Machinery",05,ماكينات مناولة المواد,Material Handling Machinery,13,رفوف ومخازن,Shelving & Storage,01,170513,17051301,10000,,12,20
cls_17051304,17,معدات التصنيع والإنتاج والآلات الثقيلة,"Manufacturing, Production Equipment & Heavy Duty Machinery",05,ماكينات مناولة المواد,Material Handling Machinery,13,رفوف ومخازن,Shelving & Storage,04,170513,17051304,10000,,12,20
cls_17051401,17,معدات التصنيع والإنتاج والآلات الثقيلة,"Manufacturing, Production Equipment & Heavy Duty Machinery",05,ماكينات مناولة المواد,Material Handling Machinery,14,رافعة برجية,Tower Crane,01,170514,17051401,10000,,20,30
cls_17051404,17,معدات التصنيع والإنتاج والآلات الثقيلة,"Manufacturing, Production Equipment & Heavy Duty Machinery",05,ماكينات مناولة المواد,Material Handling Machinery,14,رافعة برجية,Tower Crane,04,170514,17051404,10000,,20,30
cls_17060101,17,معدات التصنيع والإنتاج والآلات الثقيلة,"Manufacturing, Production Equipment & Heavy Duty Machinery",06,آلات معالجة المواد ، المعالجة ، القطع والتشكيل,"Material Treatment, Processing, Cutting and Forming Machinery",01,آلات ثني,Bending Machines,01,170601,17060101,10000,,15,25
cls_17060104,17,معدات التصنيع والإنتاج والآلات الثقيلة,"Manufacturing, Production Equipment & Heavy Duty Machinery",06,آلات معالجة المواد ، المعالجة ، القطع والتشكيل,"Material Treatment, Processing, Cutting and Forming Machinery",01,آلات ثني,Bending Machines,04,170601,17060104,10000,,15,25
cls_17060201,17,معدات التصنيع والإنتاج والآلات الثقيلة,"Manufacturing, Production Equipment & Heavy Duty Machinery",06,آلات معالجة المواد ، المعالجة ، القطع والتشكيل,"Material Treatment, Processing, Cutting and Forming Machinery",02,ماكينات تبيض,Bleaching Machinery,01,170602,17060201,10000,,15,25
cls_17060204,17,معدات التصنيع والإنتاج والآلات الثقيلة,"Manufacturing, Production Equipment & Heavy Duty Machinery",06,آلات معالجة المواد ، المعالجة ، القطع والتشكيل,"Material Treatment, Processing, Cutting and Forming Machinery",02,ماكينات تبيض,Bleaching Machinery,04,170602,17060204,10000,,15,25
cls_17060301,17,معدات التصنيع والإنتاج والآلات الثقيلة,"Manufacturing, Production Equipment & Heavy Duty Machinery",06,آلات معالجة المواد ، المعالجة ، القطع والتشكيل,"Material Treatment, Processing, Cutting and Forming Machinery",03,آلات ثقب,Boring Machines,01,170603,17060301,10000,,15,25
cls_17060304,17,معدات التصنيع والإنتاج والآلات الثقيلة,"Manufacturing, Production Equipment & Heavy Duty Machinery",06,آلات معالجة المواد ، المعالجة ، القطع والتشكيل,"Material Treatment, Processing, Cutting and Forming Machinery",03,آلات ثقب,Boring Machines,04,170603,17060304,10000,,15,25
cls_17060401,17,معدات التصنيع والإنتاج والآلات الثقيلة,"Manufacturing, Production Equipment & Heavy Duty Machinery",06,آلات معالجة المواد ، المعالجة ، القطع والتشكيل,"Material Treatment, Processing, Cutting and Forming Machinery",04,ماكينات لحام,Brazing Machinery,01,170604,17060401,10000,,12,20
cls_17060404,17,معدات التصنيع والإنتاج والآلات الثقيلة,"Manufacturing, Production Equipment & Heavy Duty Machinery",06,آلات معالجة المواد ، المعالجة ، القطع والتشكيل,"Material Treatment, Processing, Cutting and Forming Machinery",04,ماكينات لحام,Brazing Machinery,04,170604,17060404,10000,,12,20
cls_17060501,17,معدات التصنيع والإنتاج والآلات الثقيلة,"Manufacturing, Production Equipment & Heavy Duty Machinery",06,آلات معالجة المواد ، المعالجة ، القطع والتشكيل,"Material Treatment, Processing, Cutting and Forming Machinery",05,معدات التغطية,Capping Equipment,01,170605,17060501,10000,,12,20
cls_17060504,17,معدات التصنيع والإنتاج والآلات الثقيلة,"Manufacturing, Production Equipment & Heavy Duty Machinery",06,آلات معالجة المواد ، المعالجة ، القطع والتشكيل,"Material Treatment, Processing, Cutting and Forming Machinery",05,معدات التغطية,Capping Equipment,04,170605,17060504,10000,,12,20
cls_17060601,17,معدات التصنيع والإنتاج والآلات الثقيلة,"Manufacturing, Production Equipment & Heavy Duty Machinery",06,آلات معالجة المواد ، المعالجة ، القطع والتشكيل,"Material Treatment, Processing, Cutting and Forming Machinery",06,طلاء أو معدات طلاء,Coating Or Plating Machines,01,170606,17060601,10000,,15,25
cls_17060604,17,معدات التصنيع والإنتاج والآلات الثقيلة,"Manufacturing, Production Equipment & Heavy Duty Machinery",06,آلات معالجة المواد ، المعالجة ، القطع والتشكيل,"Material Treatment, Processing, Cutting and Forming Machinery",06,طلاء أو معدات طلاء,Coating Or Plating Machines,04,170606,17060604,10000,,15,25
cls_17060701,17,معدات التصنيع والإنتاج والآلات الثقيلة,"Manufacturing, Production Equipment & Heavy Duty Machinery",06,آلات معالجة المواد ، المعالجة ، القطع والتشكيل,"Material Treatment, Processing, Cutting and Forming Machinery",07,آلات قطع,Cutting Machines,01,170607,17060701,10000,,15,25
cls_17060704,17,معدات التصنيع والإنتاج والآلات الثقيلة,"Manufacturing, Production Equipment & Heavy Duty Machinery",06,آلات معالجة المواد ، المعالجة ، القطع والتشكيل,"Material Treatment, Processing, Cutting and Forming Machinery",07,آلات قطع,Cutting Machines,04,170607,17060704,10000,,15,25
cls_17060801,17,معدات التصنيع والإنتاج والآلات الثقيلة,"Manufacturing, Production Equipment & Heavy Duty Machinery",06,آلات معالجة المواد ، المعالجة ، القطع والتشكيل,"Material Treatment, Processing, Cutting and Forming Machinery",08,آلات الصباغة,Dyeing Machinery,01,170608,17060801,10000,,12,20
cls_17060804,17,معدات التصنيع والإنتاج والآلات الثقيلة,"Manufacturing, Production Equipment & Heavy Duty Machinery",06,آلات معالجة المواد ، المعالجة ، القطع والتشكيل,"Material Treatment, Processing, Cutting and Forming Machinery",08,آلات الصباغة,Dyeing Machinery,04,170608,17060804,10000,,12,20
cls_17060901,17,معدات التصنيع والإنتاج والآلات الثقيلة,"Manufacturing, Production Equipment & Heavy Duty Machinery",06,آلات معالجة المواد ، المعالجة ، القطع والتشكيل,"Material Treatment, Processing, Cutting and Forming Machinery",09,آلة للتشطيب,Edgers,01,170609,17060901,10000,,20,30
cls_17060904,17,معدات التصنيع والإنتاج والآلات الثقيلة,"Manufacturing, Production Equipment & Heavy Duty Machinery",06,آلات معالجة المواد ، المعالجة ، القطع والتشكيل,"Material Treatment, Processing, Cutting and Forming Machinery",09,آلة للتشطيب,Edgers,04,170609,17060904,10000,,20,30
cls_17061001,17,معدات التصنيع والإنتاج والآلات الثقيلة,"Manufacturing, Production Equipment & Heavy Duty Machinery",06,آلات معالجة المواد ، المعالجة ، القطع والتشكيل,"Material Treatment, Processing, Cutting and Forming Machinery",10,معدات النحت,Faceting Equipment,01,170610,17061001,10000,,12,20
cls_17061004,17,معدات التصنيع والإنتاج والآلات الثقيلة,"Manufacturing, Production Equipment & Heavy Duty Machinery",06,آلات معالجة المواد ، المعالجة ، القطع والتشكيل,"Material Treatment, Processing, Cutting and Forming Machinery",10,معدات النحت,Faceting Equipment,04,170610,17061004,10000,,12,20
cls_17061101,17,معدات التصنيع والإنتاج والآلات الثقيلة,"Manufacturing, Production Equipment & Heavy Duty Machinery",06,آلات معالجة المواد ، المعالجة ، القطع والتشكيل,"Material Treatment, Processing, Cutting and Forming Machinery",11,أعمال خشبية مشتركة,Finger Jointers,01,170611,17061101,10000,,12,20
cls_17061104,17,معدات التصنيع والإنتاج والآلات الثقيلة,"Manufacturing, Production Equipment & Heavy Duty Machinery",06,آلات معالجة المواد ، المعالجة ، القطع والتشكيل,"Material Treatment, Processing, Cutting and Forming Machinery",11,أعمال خشبية مشتركة,Finger Jointers,04,170611,17061104,10000,,12,20
cls_17061201,17,معدات التصنيع والإنتاج والآلات الثقيلة,"Manufacturing, Production Equipment & Heavy Duty Machinery",06,آلات معالجة المواد ، المعالجة ، القطع والتشكيل,"Material Treatment, Processing, Cutting and Forming Machinery",12,المنشرة الثابتة,Fixed Sawmill,01,170612,17061201,10000,,12,20
cls_17061204,17,معدات التصنيع والإنتاج والآلات الثقيلة,"Manufacturing, Production Equipment & Heavy Duty Machinery",06,آلات معالجة المواد ، المعالجة ، القطع والتشكيل,"Material Treatment, Processing, Cutting and Forming Machinery",12,المنشرة الثابتة,Fixed Sawmill,04,170612,17061204,10000,,12,20
cls_17061301,17,معدات التصنيع والإنتاج والآلات الثقيلة,"Manufacturing, Production Equipment & Heavy Duty Machinery",06,آلات معالجة المواد ، المعالجة ، القطع والتشكيل,"Material Treatment, Processing, Cutting and Forming Machinery",13,آلات للطي أو اللف,Folding or rewinding Machinery,01,170613,17061301,10000,,12,20
cls_17061304,17,معدات التصنيع والإنتاج والآلات الثقيلة,"Manufacturing, Production Equipment & Heavy Duty Machinery",06,آلات معالجة المواد ، المعالجة ، القطع والتشكيل,"Material Treatment, Processing, Cutting and Forming Machinery",13,آلات للطي أو اللف,Folding or rewinding Machinery,04,170613,17061304,10000,,12,20
cls_17061401,17,معدات التصنيع والإنتاج والآلات الثقيلة,"Manufacturing, Production Equipment & Heavy Duty Machinery",06,آلات معالجة المواد ، المعالجة ، القطع والتشكيل,"Material Treatment, Processing, Cutting and Forming Machinery",14,آلات حدادة,Forging Machines,01,170614,17061401,10000,,15,25
cls_17061404,17,معدات التصنيع والإنتاج والآلات الثقيلة,"Manufacturing, Production Equipment & Heavy Duty Machinery",06,آلات معالجة المواد ، المعالجة ، القطع والتشكيل,"Material Treatment, Processing, Cutting and Forming Machinery",14,آلات حدادة,Forging Machines,04,170614,17061404,10000,,15,25
cls_17061501,17,معدات التصنيع والإنتاج والآلات الثقيلة,"Manufacturing, Production Equipment & Heavy Duty Machinery",06,آلات معالجة المواد ، المعالجة ، القطع والتشكيل,"Material Treatment, Processing, Cutting and Forming Machinery",15,آلات تصنيع التروس,Gear Manufacturing Machines,01,170615,17061501,10000,,15,25
cls_17061504,17,معدات التصنيع والإنتاج والآلات الثقيلة,"Manufacturing, Production Equipment & Heavy Duty Machinery",06,آلات معالجة المواد ، المعالجة ، القطع والتشكيل,"Material Treatment, Processing, Cutting and Forming Machinery",15,آلات تصنيع التروس,Gear Manufacturing Machines,04,170615,17061504,10000,,15,25
cls_17061601,17,معدات التصنيع والإنتاج والآلات الثقيلة,"Manufacturing, Production Equipment & Heavy Duty Machinery",06,آلات معالجة المواد ، المعالجة ، القطع والتشكيل,"Material Treatment, Processing, Cutting and Forming Machinery",16,معدات الطحن والصنفرة والتلميع,"Grinding, Sanding and Polishing Equipment",01,170616,17061601,10000,,15,25
cls_17061604,17,معدات التصنيع والإنتاج والآلات الثقيلة,"Manufacturing, Production Equipment & Heavy Duty Machinery",06,آلات معالجة المواد ، المعالجة ، القطع والتشكيل,"Material Treatment, Processing, Cutting and Forming Machinery",16,معدات الطحن والصنفرة والتلميع,"Grinding, Sanding and Polishing Equipment",04,170616,17061604,10000,,15,25
cls_17061701,17,معدات التصنيع والإنتاج والآلات الثقيلة,"Manufacturing, Production Equipment & Heavy Duty Machinery",06,آلات معالجة المواد ، المعالجة ، القطع والتشكيل,"Material Treatment, Processing, Cutting and Forming Machinery",17,آلات معالجة حرارية,Heat Treating Machines,01,170617,17061701,10000,,7,12
cls_17061704,17,معدات التصنيع والإنتاج والآلات الثقيلة,"Manufacturing, Production Equipment & Heavy Duty Machinery",06,آلات معالجة المواد ، المعالجة ، القطع والتشكيل,"Material Treatment, Processing, Cutting and Forming Machinery",17,آلات معالجة حرارية,Heat Treating Machines,04,170617,17061704,10000,,7,12
cls_17061801,17,معدات التصنيع والإنتاج والآلات الثقيلة,"Manufacturing, Production Equipment & Heavy Duty Machinery",06,آلات معالجة المواد ، المعالجة ، القطع والتشكيل,"Material Treatment, Processing, Cutting and Forming Machinery",18,مراكز المخارط والخراطة,Lathes And Turning Centers,01,170618,17061801,10000,,15,25
cls_17061804,17,معدات التصنيع والإنتاج والآلات الثقيلة,"Manufacturing, Production Equipment & Heavy Duty Machinery",06,آلات معالجة المواد ، المعالجة ، القطع والتشكيل,"Material Treatment, Processing, Cutting and Forming Machinery",18,مراكز المخارط والخراطة,Lathes And Turning Centers,04,170618,17061804,10000,,15,25
cls_17061901,17,معدات التصنيع والإنتاج والآلات الثقيلة,"Manufacturing, Production Equipment & Heavy Duty Machinery",06,آلات معالجة المواد ، المعالجة ، القطع والتشكيل,"Material Treatment, Processing, Cutting and Forming Machinery",19,آلات إعداد جلد,Leather Preparing Machinery,01,170619,17061901,10000,,12,20
cls_17061904,17,معدات التصنيع والإنتاج والآلات الثقيلة,"Manufacturing, Production Equipment & Heavy Duty Machinery",06,آلات معالجة المواد ، المعالجة ، القطع والتشكيل,"Material Treatment, Processing, Cutting and Forming Machinery",19,آلات إعداد جلد,Leather Preparing Machinery,04,170619,17061904,10000,,12,20
cls_17062001,17,معدات التصنيع والإنتاج والآلات الثقيلة,"Manufacturing, Production Equipment & Heavy Duty Machinery",06,آلات معالجة المواد ، المعالجة ، القطع والتشكيل,"Material Treatment, Processing, Cutting and Forming Machinery",20,ماكينات تصنيع الجلود و تصليحها,Leatherworking & Repairing Machinery,01,170620,17062001,10000,,7,12
cls_17062004,17,معدات التصنيع والإنتاج والآلات الثقيلة,"Manufacturing, Production Equipment & Heavy Duty Machinery",06,آلات معالجة المواد ، المعالجة ، القطع والتشكيل,"Material Treatment, Processing, Cutting and Forming Machinery",20,ماكينات تصنيع الجلود و تصليحها,Leatherworking & Repairing Machinery,04,170620,17062004,10000,,7,12
cls_17062101,17,معدات التصنيع والإنتاج والآلات الثقيلة,"Manufacturing, Production Equipment & Heavy Duty Machinery",06,آلات معالجة المواد ، المعالجة ، القطع والتشكيل,"Material Treatment, Processing, Cutting and Forming Machinery",21,آلات تشكيل الخشب,Log Debarkers,01,170621,17062101,10000,,12,20
cls_17062104,17,معدات التصنيع والإنتاج والآلات الثقيلة,"Manufacturing, Production Equipment & Heavy Duty Machinery",06,آلات معالجة المواد ، المعالجة ، القطع والتشكيل,"Material Treatment, Processing, Cutting and Forming Machinery",21,آلات تشكيل الخشب,Log Debarkers,04,170621,17062104,10000,,12,20
cls_17062201,17,معدات التصنيع والإنتاج والآلات الثقيلة,"Manufacturing, Production Equipment & Heavy Duty Machinery",06,آلات معالجة المواد ، المعالجة ، القطع والتشكيل,"Material Treatment, Processing, Cutting and Forming Machinery",22,أفران الخشب,Lumber Kilns,01,170622,17062201,10000,,15,25
cls_17062204,17,معدات التصنيع والإنتاج والآلات الثقيلة,"Manufacturing, Production Equipment & Heavy Duty Machinery",06,آلات معالجة المواد ، المعالجة ، القطع والتشكيل,"Material Treatment, Processing, Cutting and Forming Machinery",22,أفران الخشب,Lumber Kilns,04,170622,17062204,10000,,15,25
cls_17062301,17,معدات التصنيع والإنتاج والآلات الثقيلة,"Manufacturing, Production Equipment & Heavy Duty Machinery",06,آلات معالجة المواد ، المعالجة ، القطع والتشكيل,"Material Treatment, Processing, Cutting and Forming Machinery",23,فارزات الخشب,Lumber Sorters,01,170623,17062301,10000,,12,20
cls_17062304,17,معدات التصنيع والإنتاج والآلات الثقيلة,"Manufacturing, Production Equipment & Heavy Duty Machinery",06,آلات معالجة المواد ، المعالجة ، القطع والتشكيل,"Material Treatment, Processing, Cutting and Forming Machinery",23,فارزات الخشب,Lumber Sorters,04,170623,17062304,10000,,12,20
cls_17062401,17,معدات التصنيع والإنتاج والآلات الثقيلة,"Manufacturing, Production Equipment & Heavy Duty Machinery",06,آلات معالجة المواد ، المعالجة ، القطع والتشكيل,"Material Treatment, Processing, Cutting and Forming Machinery",24,آلات معالجة الأسطح الميكانيكية,Mechanical Surface Treatment Machines,01,170624,17062401,10000,,12,20
cls_17062404,17,معدات التصنيع والإنتاج والآلات الثقيلة,"Manufacturing, Production Equipment & Heavy Duty Machinery",06,آلات معالجة المواد ، المعالجة ، القطع والتشكيل,"Material Treatment, Processing, Cutting and Forming Machinery",24,آلات معالجة الأسطح الميكانيكية,Mechanical Surface Treatment Machines,04,170624,17062404,10000,,12,20
cls_17062501,17,معدات التصنيع والإنتاج والآلات الثقيلة,"Manufacturing, Production Equipment & Heavy Duty Machinery",06,آلات معالجة المواد ، المعالجة ، القطع والتشكيل,"Material Treatment, Processing, Cutting and Forming Machinery",25,ماكينات تنظيف المعادن,Metal Cleaning Machinery,01,170625,17062501,10000,,15,25
cls_17062504,17,معدات التصنيع والإنتاج والآلات الثقيلة,"Manufacturing, Production Equipment & Heavy Duty Machinery",06,آلات معالجة المواد ، المعالجة ، القطع والتشكيل,"Material Treatment, Processing, Cutting and Forming Machinery",25,ماكينات تنظيف المعادن,Metal Cleaning Machinery,04,170625,17062504,10000,,15,25
cls_17062601,17,معدات التصنيع والإنتاج والآلات الثقيلة,"Manufacturing, Production Equipment & Heavy Duty Machinery",06,آلات معالجة المواد ، المعالجة ، القطع والتشكيل,"Material Treatment, Processing, Cutting and Forming Machinery",26,آلات إزالة الأزيز معدنية,Metal Deburring Machines,01,170626,17062601,10000,,12,20
cls_17062604,17,معدات التصنيع والإنتاج والآلات الثقيلة,"Manufacturing, Production Equipment & Heavy Duty Machinery",06,آلات معالجة المواد ، المعالجة ، القطع والتشكيل,"Material Treatment, Processing, Cutting and Forming Machinery",26,آلات إزالة الأزيز معدنية,Metal Deburring Machines,04,170626,17062604,10000,,12,20
cls_17062701,17,معدات التصنيع والإنتاج والآلات الثقيلة,"Manufacturing, Production Equipment & Heavy Duty Machinery",06,آلات معالجة المواد ، المعالجة ، القطع والتشكيل,"Material Treatment, Processing, Cutting and Forming Machinery",27,آلات ثقب المعادن,Metal Drilling Machines,01,170627,17062701,10000,,12,20
cls_17062704,17,معدات التصنيع والإنتاج والآلات الثقيلة,"Manufacturing, Production Equipment & Heavy Duty Machinery",06,آلات معالجة المواد ، المعالجة ، القطع والتشكيل,"Material Treatment, Processing, Cutting and Forming Machinery",27,آلات ثقب المعادن,Metal Drilling Machines,04,170627,17062704,10000,,12,20
cls_17062801,17,معدات التصنيع والإنتاج والآلات الثقيلة,"Manufacturing, Production Equipment & Heavy Duty Machinery",06,آلات معالجة المواد ، المعالجة ، القطع والتشكيل,"Material Treatment, Processing, Cutting and Forming Machinery",28,آلات حف المعادن,Metal Grinding Machines,01,170628,17062801,10000,,12,20
cls_17062804,17,معدات التصنيع والإنتاج والآلات الثقيلة,"Manufacturing, Production Equipment & Heavy Duty Machinery",06,آلات معالجة المواد ، المعالجة ، القطع والتشكيل,"Material Treatment, Processing, Cutting and Forming Machinery",28,آلات حف المعادن,Metal Grinding Machines,04,170628,17062804,10000,,12,20
cls_17062901,17,معدات التصنيع والإنتاج والآلات الثقيلة,"Manufacturing, Production Equipment & Heavy Duty Machinery",06,آلات معالجة المواد ، المعالجة ، القطع والتشكيل,"Material Treatment, Processing, Cutting and Forming Machinery",29,آلات فرز وتشكيل المعادن,Metal Milling Machines,01,170629,17062901,10000,,12,20
cls_17062904,17,معدات التصنيع والإنتاج والآلات الثقيلة,"Manufacturing, Production Equipment & Heavy Duty Machinery",06,آلات معالجة المواد ، المعالجة ، القطع والتشكيل,"Material Treatment, Processing, Cutting and Forming Machinery",29,آلات فرز وتشكيل المعادن,Metal Milling Machines,04,170629,17062904,10000,,12,20
cls_17063001,17,معدات التصنيع والإنتاج والآلات الثقيلة,"Manufacturing, Production Equipment & Heavy Duty Machinery",06,آلات معالجة المواد ، المعالجة ، القطع والتشكيل,"Material Treatment, Processing, Cutting and Forming Machinery",30,آلات ترقيق معادن,Metal Rolling Machines,01,170630,17063001,10000,,15,25
cls_17063004,17,معدات التصنيع والإنتاج والآلات الثقيلة,"Manufacturing, Production Equipment & Heavy Duty Machinery",06,آلات معالجة المواد ، المعالجة ، القطع والتشكيل,"Material Treatment, Processing, Cutting and Forming Machinery",30,آلات ترقيق معادن,Metal Rolling Machines,04,170630,17063004,10000,,15,25
cls_17063101,17,معدات التصنيع والإنتاج والآلات الثقيلة,"Manufacturing, Production Equipment & Heavy Duty Machinery",06,آلات معالجة المواد ، المعالجة ، القطع والتشكيل,"Material Treatment, Processing, Cutting and Forming Machinery",31,ماكينات تشكيل الصفائح المعدنية,Metal Sheet forming Machinery,01,170631,17063101,10000,,15,25
cls_17063104,17,معدات التصنيع والإنتاج والآلات الثقيلة,"Manufacturing, Production Equipment & Heavy Duty Machinery",06,آلات معالجة المواد ، المعالجة ، القطع والتشكيل,"Material Treatment, Processing, Cutting and Forming Machinery",31,ماكينات تشكيل الصفائح المعدنية,Metal Sheet forming Machinery,04,170631,17063104,10000,,15,25
cls_17063201,17,معدات التصنيع والإنتاج والآلات الثقيلة,"Manufacturing, Production Equipment & Heavy Duty Machinery",06,آلات معالجة المواد ، المعالجة ، القطع والتشكيل,"Material Treatment, Processing, Cutting and Forming Machinery",32,المنشرة المحمولة,Portable Sawmill,01,170632,17063201,10000,,7,12
cls_17063204,17,معدات التصنيع والإنتاج والآلات الثقيلة,"Manufacturing, Production Equipment & Heavy Duty Machinery",06,آلات معالجة المواد ، المعالجة ، القطع والتشكيل,"Material Treatment, Processing, Cutting and Forming Machinery",32,المنشرة المحمولة,Portable Sawmill,04,170632,17063204,10000,,7,12
cls_17063301,17,معدات التصنيع والإنتاج والآلات الثقيلة,"Manufacturing, Production Equipment & Heavy Duty Machinery",06,آلات معالجة المواد ، المعالجة ، القطع والتشكيل,"Material Treatment, Processing, Cutting and Forming Machinery",33,ماكينات خياطة,Sewing machines,01,170633,17063301,10000,,12,20
cls_17063304,17,معدات التصنيع والإنتاج والآلات الثقيلة,"Manufacturing, Production Equipment & Heavy Duty Machinery",06,آلات معالجة المواد ، المعالجة ، القطع والتشكيل,"Material Treatment, Processing, Cutting and Forming Machinery",33,ماكينات خياطة,Sewing machines,04,170633,17063304,10000,,12,20
cls_17063401,17,معدات التصنيع والإنتاج والآلات الثقيلة,"Manufacturing, Production Equipment & Heavy Duty Machinery",06,آلات معالجة المواد ، المعالجة ، القطع والتشكيل,"Material Treatment, Processing, Cutting and Forming Machinery",34,آلات معالجة الحرير,Silk processing machines,01,170634,17063401,10000,,12,20
cls_17063404,17,معدات التصنيع والإنتاج والآلات الثقيلة,"Manufacturing, Production Equipment & Heavy Duty Machinery",06,آلات معالجة المواد ، المعالجة ، القطع والتشكيل,"Material Treatment, Processing, Cutting and Forming Machinery",34,آلات معالجة الحرير,Silk processing machines,04,170634,17063404,10000,,12,20
cls_17063501,17,معدات التصنيع والإنتاج والآلات الثقيلة,"Manufacturing, Production Equipment & Heavy Duty Machinery",06,آلات معالجة المواد ، المعالجة ، القطع والتشكيل,"Material Treatment, Processing, Cutting and Forming Machinery",35,آلات لحام بقصدير,Soldering Machines,01,170635,17063501,10000,,15,25
cls_17063504,17,معدات التصنيع والإنتاج والآلات الثقيلة,"Manufacturing, Production Equipment & Heavy Duty Machinery",06,آلات معالجة المواد ، المعالجة ، القطع والتشكيل,"Material Treatment, Processing, Cutting and Forming Machinery",35,آلات لحام بقصدير,Soldering Machines,04,170635,17063504,10000,,15,25
cls_17063601,17,معدات التصنيع والإنتاج والآلات الثقيلة,"Manufacturing, Production Equipment & Heavy Duty Machinery",06,آلات معالجة المواد ، المعالجة ، القطع والتشكيل,"Material Treatment, Processing, Cutting and Forming Machinery",36,ماكينات تصنيع النسيج,Textile Processing Machinery,01,170636,17063601,10000,,12,20
cls_17063604,17,معدات التصنيع والإنتاج والآلات الثقيلة,"Manufacturing, Production Equipment & Heavy Duty Machinery",06,آلات معالجة المواد ، المعالجة ، القطع والتشكيل,"Material Treatment, Processing, Cutting and Forming Machinery",36,ماكينات تصنيع النسيج,Textile Processing Machinery,04,170636,17063604,10000,,12,20
cls_17063701,17,معدات التصنيع والإنتاج والآلات الثقيلة,"Manufacturing, Production Equipment & Heavy Duty Machinery",06,آلات معالجة المواد ، المعالجة ، القطع والتشكيل,"Material Treatment, Processing, Cutting and Forming Machinery",37,ماكينات اللحام,Welding Machinery,01,170637,17063701,10000,,12,20
cls_17063704,17,معدات التصنيع والإنتاج والآلات الثقيلة,"Manufacturing, Production Equipment & Heavy Duty Machinery",06,آلات معالجة المواد ، المعالجة ، القطع والتشكيل,"Material Treatment, Processing, Cutting and Forming Machinery",37,ماكينات اللحام,Welding Machinery,04,170637,17063704,10000,,12,20
cls_17070101,17,معدات التصنيع والإنتاج والآلات الثقيلة,"Manufacturing, Production Equipment & Heavy Duty Machinery",07,آلات النماذج الأولية السريعة,Rapid Prototyping Machinery,01,آلات تشكيل بالليزر,Laser Forming Machines,01,170701,17070101,10000,,7,12
cls_17070104,17,معدات التصنيع والإنتاج والآلات الثقيلة,"Manufacturing, Production Equipment & Heavy Duty Machinery",07,آلات النماذج الأولية السريعة,Rapid Prototyping Machinery,01,آلات تشكيل بالليزر,Laser Forming Machines,04,170701,17070104,10000,,7,12
cls_17070201,17,معدات التصنيع والإنتاج والآلات الثقيلة,"Manufacturing, Production Equipment & Heavy Duty Machinery",07,آلات النماذج الأولية السريعة,Rapid Prototyping Machinery,02,آلات النماذج الأولية السريعة,Rapid Prototyping Machines,01,170702,17070201,10000,,7,12
cls_17070204,17,معدات التصنيع والإنتاج والآلات الثقيلة,"Manufacturing, Production Equipment & Heavy Duty Machinery",07,آلات النماذج الأولية السريعة,Rapid Prototyping Machinery,02,آلات النماذج الأولية السريعة,Rapid Prototyping Machines,04,170702,17070204,10000,,7,12
cls_17070301,17,معدات التصنيع والإنتاج والآلات الثقيلة,"Manufacturing, Production Equipment & Heavy Duty Machinery",07,آلات النماذج الأولية السريعة,Rapid Prototyping Machinery,03,آلات الطباعة ثلاثية الأبعاد,Three Dimensional printing Machines,01,170703,17070301,10000,,7,12
cls_17070304,17,معدات التصنيع والإنتاج والآلات الثقيلة,"Manufacturing, Production Equipment & Heavy Duty Machinery",07,آلات النماذج الأولية السريعة,Rapid Prototyping Machinery,03,آلات الطباعة ثلاثية الأبعاد,Three Dimensional printing Machines,04,170703,17070304,10000,,7,12
cls_17080101,17,معدات التصنيع والإنتاج والآلات الثقيلة,"Manufacturing, Production Equipment & Heavy Duty Machinery",08,آلات التصنيع والمعالجة المتخصصة,Specialized Manufacturing & Process Machinery,01,أنظمة تلامس الغاز والسائل,Gas and Liquid Contacting Systems,01,170801,17080101,10000,,7,12
cls_17080104,17,معدات التصنيع والإنتاج والآلات الثقيلة,"Manufacturing, Production Equipment & Heavy Duty Machinery",08,آلات التصنيع والمعالجة المتخصصة,Specialized Manufacturing & Process Machinery,01,أنظمة تلامس الغاز والسائل,Gas and Liquid Contacting Systems,04,170801,17080104,10000,,7,12
cls_17080201,17,معدات التصنيع والإنتاج والآلات الثقيلة,"Manufacturing, Production Equipment & Heavy Duty Machinery",08,آلات التصنيع والمعالجة المتخصصة,Specialized Manufacturing & Process Machinery,02,آلات تصنيع العدسات البصرية,Optical lens manufacturing machinery,01,170802,17080201,10000,,7,12
cls_17080204,17,معدات التصنيع والإنتاج والآلات الثقيلة,"Manufacturing, Production Equipment & Heavy Duty Machinery",08,آلات التصنيع والمعالجة المتخصصة,Specialized Manufacturing & Process Machinery,02,آلات تصنيع العدسات البصرية,Optical lens manufacturing machinery,04,170802,17080204,10000,,7,12
cls_17080301,17,معدات التصنيع والإنتاج والآلات الثقيلة,"Manufacturing, Production Equipment & Heavy Duty Machinery",08,آلات التصنيع والمعالجة المتخصصة,Specialized Manufacturing & Process Machinery,03,صناعة الورق وماكينات تصنيع,Paper Making and Processing Machinery,01,170803,17080301,10000,,12,20
cls_17080304,17,معدات التصنيع والإنتاج والآلات الثقيلة,"Manufacturing, Production Equipment & Heavy Duty Machinery",08,آلات التصنيع والمعالجة المتخصصة,Specialized Manufacturing & Process Machinery,03,صناعة الورق وماكينات تصنيع,Paper Making and Processing Machinery,04,170803,17080304,10000,,12,20
cls_17080401,17,معدات التصنيع والإنتاج والآلات الثقيلة,"Manufacturing, Production Equipment & Heavy Duty Machinery",08,آلات التصنيع والمعالجة المتخصصة,Specialized Manufacturing & Process Machinery,04,آلات تأشير الأجزاء,Part Marking Machines,01,170804,17080401,10000,,12,20
cls_17080404,17,معدات التصنيع والإنتاج والآلات الثقيلة,"Manufacturing, Production Equipment & Heavy Duty Machinery",08,آلات التصنيع والمعالجة المتخصصة,Specialized Manufacturing & Process Machinery,04,آلات تأشير الأجزاء,Part Marking Machines,04,170804,17080404,10000,,12,20
cls_17080501,17,معدات التصنيع والإنتاج والآلات الثقيلة,"Manufacturing, Production Equipment & Heavy Duty Machinery",08,آلات التصنيع والمعالجة المتخصصة,Specialized Manufacturing & Process Machinery,05,آلات تصنيع الأدوية,Pharmaceutical Manufacturing Machinery,01,170805,17080501,10000,,7,12
cls_17080504,17,معدات التصنيع والإنتاج والآلات الثقيلة,"Manufacturing, Production Equipment & Heavy Duty Machinery",08,آلات التصنيع والمعالجة المتخصصة,Specialized Manufacturing & Process Machinery,05,آلات تصنيع الأدوية,Pharmaceutical Manufacturing Machinery,04,170805,17080504,10000,,7,12
cls_17080601,17,معدات التصنيع والإنتاج والآلات الثقيلة,"Manufacturing, Production Equipment & Heavy Duty Machinery",08,آلات التصنيع والمعالجة المتخصصة,Specialized Manufacturing & Process Machinery,06,معدات دقيقة للتثبيت وعزم الدوران,Precision Fastening & Torque Equipment,01,170806,17080601,10000,,7,12
cls_17080604,17,معدات التصنيع والإنتاج والآلات الثقيلة,"Manufacturing, Production Equipment & Heavy Duty Machinery",08,آلات التصنيع والمعالجة المتخصصة,Specialized Manufacturing & Process Machinery,06,معدات دقيقة للتثبيت وعزم الدوران,Precision Fastening & Torque Equipment,04,170806,17080604,10000,,7,12
cls_17080701,17,معدات التصنيع والإنتاج والآلات الثقيلة,"Manufacturing, Production Equipment & Heavy Duty Machinery",08,آلات التصنيع والمعالجة المتخصصة,Specialized Manufacturing & Process Machinery,07,روبوتات,Robotics,01,170807,17080701,10000,,7,12
cls_17080704,17,معدات التصنيع والإنتاج والآلات الثقيلة,"Manufacturing, Production Equipment & Heavy Duty Machinery",08,آلات التصنيع والمعالجة المتخصصة,Specialized Manufacturing & Process Machinery,07,روبوتات,Robotics,04,170807,17080704,10000,,7,12
cls_17080801,17,معدات التصنيع والإنتاج والآلات الثقيلة,"Manufacturing, Production Equipment & Heavy Duty Machinery",08,آلات التصنيع والمعالجة المتخصصة,Specialized Manufacturing & Process Machinery,08,ماكينات تصنيع المطاط والبلاستيك,Rubber & Plastic Processing Machinery,01,170808,17080801,10000,,12,20
cls_17080804,17,معدات التصنيع والإنتاج والآلات الثقيلة,"Manufacturing, Production Equipment & Heavy Duty Machinery",08,آلات التصنيع والمعالجة المتخصصة,Specialized Manufacturing & Process Machinery,08,ماكينات تصنيع المطاط والبلاستيك,Rubber & Plastic Processing Machinery,04,170808,17080804,10000,,12,20
cls_17090101,17,معدات التصنيع والإنتاج والآلات الثقيلة,"Manufacturing, Production Equipment & Heavy Duty Machinery",09,معدات خدمات النقل,Transportation Services Equipment,01,خدمات السيارات ومعدات اختبارها,Vehicle Servicing and Testing Equipment,01,170901,17090101,10000,,7,12
cls_17090104,17,معدات التصنيع والإنتاج والآلات الثقيلة,"Manufacturing, Production Equipment & Heavy Duty Machinery",09,معدات خدمات النقل,Transportation Services Equipment,01,خدمات السيارات ومعدات اختبارها,Vehicle Servicing and Testing Equipment,04,170901,17090104,10000,,7,12
cls_18010101,18,معدات طبية,Medical Equipment,01,معدات مساعدة,Auxiliary,01,الملغمات,Amalgamators,01,180101,18010101,10000,,5,10
cls_18010104,18,معدات طبية,Medical Equipment,01,معدات مساعدة,Auxiliary,01,الملغمات,Amalgamators,04,180101,18010104,10000,,5,10
cls_18010201,18,معدات طبية,Medical Equipment,01,معدات مساعدة,Auxiliary,02,اكسسوارات التخدير,Anesthesia Accessories,01,180102,18010201,10000,,7,12
cls_18010204,18,معدات طبية,Medical Equipment,01,معدات مساعدة,Auxiliary,02,اكسسوارات التخدير,Anesthesia Accessories,04,180102,18010204,10000,,7,12
cls_18010301,18,معدات طبية,Medical Equipment,01,معدات مساعدة,Auxiliary,03,شفاطات,Aspirators,01,180103,18010301,10000,,7,12
cls_18010304,18,معدات طبية,Medical Equipment,01,معدات مساعدة,Auxiliary,03,شفاطات,Aspirators,04,180103,18010304,10000,,7,12
cls_18010401,18,معدات طبية,Medical Equipment,01,معدات مساعدة,Auxiliary,04,العربات,Carts and Trolleys,01,180104,18010401,10000,,7,12
cls_18010404,18,معدات طبية,Medical Equipment,01,معدات مساعدة,Auxiliary,04,العربات,Carts and Trolleys,04,180104,18010404,10000,,7,12
cls_18010501,18,معدات طبية,Medical Equipment,01,معدات مساعدة,Auxiliary,05,معدات تنظيف / تعقيم,Cleaning/Sterilizing Equipment,01,180105,18010501,10000,,12,15
cls_18010504,18,معدات طبية,Medical Equipment,01,معدات مساعدة,Auxiliary,05,معدات تنظيف / تعقيم,Cleaning/Sterilizing Equipment,04,180105,18010504,10000,,12,15
cls_18010601,18,معدات طبية,Medical Equipment,01,معدات مساعدة,Auxiliary,06,الضواغط الطبية,Compressors Medical,01,180106,18010601,10000,,12,15
cls_18010604,18,معدات طبية,Medical Equipment,01,معدات مساعدة,Auxiliary,06,الضواغط الطبية,Compressors Medical,04,180106,18010604,10000,,12,15
cls_18010701,18,معدات طبية,Medical Equipment,01,معدات مساعدة,Auxiliary,07,معدات الجراحة البردية,Cryosurgical Equipment,01,180107,18010701,10000,,3,7
cls_18010704,18,معدات طبية,Medical Equipment,01,معدات مساعدة,Auxiliary,07,معدات الجراحة البردية,Cryosurgical Equipment,04,180107,18010704,10000,,3,7
cls_18010801,18,معدات طبية,Medical Equipment,01,معدات مساعدة,Auxiliary,08,أجهزة تخفيف الضغط,Decompression Devices,01,180108,18010801,10000,,7,12
cls_18010804,18,معدات طبية,Medical Equipment,01,معدات مساعدة,Auxiliary,08,أجهزة تخفيف الضغط,Decompression Devices,04,180108,18010804,10000,,7,12
cls_18010901,18,معدات طبية,Medical Equipment,01,معدات مساعدة,Auxiliary,09,اكسسوارات الاسنان,Dental Accessories,01,180109,18010901,10000,,7,12
cls_18010904,18,معدات طبية,Medical Equipment,01,معدات مساعدة,Auxiliary,09,اكسسوارات الاسنان,Dental Accessories,04,180109,18010904,10000,,7,12
cls_18011001,18,معدات طبية,Medical Equipment,01,معدات مساعدة,Auxiliary,10,أجهزة الكشف عن المعادن,Detectors Metal,01,180110,18011001,10000,,7,12
cls_18011004,18,معدات طبية,Medical Equipment,01,معدات مساعدة,Auxiliary,10,أجهزة الكشف عن المعادن,Detectors Metal,04,180110,18011004,10000,,7,12
cls_18011101,18,معدات طبية,Medical Equipment,01,معدات مساعدة,Auxiliary,11,المناظير,Endoscopes,01,180111,18011101,10000,,7,12
cls_18011104,18,معدات طبية,Medical Equipment,01,معدات مساعدة,Auxiliary,11,المناظير,Endoscopes,04,180111,18011104,10000,,7,12
cls_18011201,18,معدات طبية,Medical Equipment,01,معدات مساعدة,Auxiliary,12,عدادات التدفق الطبية,Flow Meters Medical,01,180112,18011201,10000,,7,12
cls_18011204,18,معدات طبية,Medical Equipment,01,معدات مساعدة,Auxiliary,12,عدادات التدفق الطبية,Flow Meters Medical,04,180112,18011204,10000,,7,12
cls_18011301,18,معدات طبية,Medical Equipment,01,معدات مساعدة,Auxiliary,13,مولدات الطبية,Generators Medical,01,180113,18011301,10000,,12,15
cls_18011304,18,معدات طبية,Medical Equipment,01,معدات مساعدة,Auxiliary,13,مولدات الطبية,Generators Medical,04,180113,18011304,10000,,12,15
cls_18011401,18,معدات طبية,Medical Equipment,01,معدات مساعدة,Auxiliary,14,التدفئة والتسخين العليا (فرن),Heating and High Heating (Furnace),01,180114,18011401,10000,,15,25
cls_18011404,18,معدات طبية,Medical Equipment,01,معدات مساعدة,Auxiliary,14,التدفئة والتسخين العليا (فرن),Heating and High Heating (Furnace),04,180114,18011404,10000,,15,25
cls_18011501,18,معدات طبية,Medical Equipment,01,معدات مساعدة,Auxiliary,15,حوامل,Holders,01,180115,18011501,10000,,15,25
cls_18011504,18,معدات طبية,Medical Equipment,01,معدات مساعدة,Auxiliary,15,حوامل,Holders,04,180115,18011504,10000,,15,25
cls_18011601,18,معدات طبية,Medical Equipment,01,معدات مساعدة,Auxiliary,16,اكسسوارات المختبر,Laboratory Accessories,01,180116,18011601,10000,,12,15
cls_18011604,18,معدات طبية,Medical Equipment,01,معدات مساعدة,Auxiliary,16,اكسسوارات المختبر,Laboratory Accessories,04,180116,18011604,10000,,12,15
cls_18011701,18,معدات طبية,Medical Equipment,01,معدات مساعدة,Auxiliary,17,خزانات التدفق الصفحي,Laminar Flow Cabinets,01,180117,18011701,10000,,7,12
cls_18011704,18,معدات طبية,Medical Equipment,01,معدات مساعدة,Auxiliary,17,خزانات التدفق الصفحي,Laminar Flow Cabinets,04,180117,18011704,10000,,7,12
cls_18011801,18,معدات طبية,Medical Equipment,01,معدات مساعدة,Auxiliary,18,مصادر الاضاءة,Light Sources,01,180118,18011801,10000,,7,12
cls_18011804,18,معدات طبية,Medical Equipment,01,معدات مساعدة,Auxiliary,18,مصادر الاضاءة,Light Sources,04,180118,18011804,10000,,7,12
cls_18011901,18,معدات طبية,Medical Equipment,01,معدات مساعدة,Auxiliary,19,وحدات شفط الطبية,Medical Suction Units,01,180119,18011901,10000,,7,12
cls_18011904,18,معدات طبية,Medical Equipment,01,معدات مساعدة,Auxiliary,19,وحدات شفط الطبية,Medical Suction Units,04,180119,18011904,10000,,7,12
cls_18012001,18,معدات طبية,Medical Equipment,01,معدات مساعدة,Auxiliary,20,معدات نظام معلومات المكتب,Office Information System Equipment,01,180120,18012001,10000,,7,12
cls_18012004,18,معدات طبية,Medical Equipment,01,معدات مساعدة,Auxiliary,20,معدات نظام معلومات المكتب,Office Information System Equipment,04,180120,18012004,10000,,7,12
cls_18012101,18,معدات طبية,Medical Equipment,01,معدات مساعدة,Auxiliary,21,جراحة العظام,Orthopedic Surgical,01,180121,18012101,10000,,7,12
cls_18012104,18,معدات طبية,Medical Equipment,01,معدات مساعدة,Auxiliary,21,جراحة العظام,Orthopedic Surgical,04,180121,18012104,10000,,7,12
cls_18012201,18,معدات طبية,Medical Equipment,01,معدات مساعدة,Auxiliary,22,معدات مساعده للتطهير,Purification,01,180122,18012201,10000,,20,30
cls_18012204,18,معدات طبية,Medical Equipment,01,معدات مساعدة,Auxiliary,22,معدات مساعده للتطهير,Purification,04,180122,18012204,10000,,20,30
cls_18012301,18,معدات طبية,Medical Equipment,01,معدات مساعدة,Auxiliary,23,ثلاجات,Refrigerators,01,180123,18012301,10000,,12,15
cls_18012304,18,معدات طبية,Medical Equipment,01,معدات مساعدة,Auxiliary,23,ثلاجات,Refrigerators,04,180123,18012304,10000,,12,15
cls_18012401,18,معدات طبية,Medical Equipment,01,معدات مساعدة,Auxiliary,24,المنظمون الطبية,Regulators Medical,01,180124,18012401,10000,,7,12
cls_18012404,18,معدات طبية,Medical Equipment,01,معدات مساعدة,Auxiliary,24,المنظمون الطبية,Regulators Medical,04,180124,18012404,10000,,7,12
cls_18012501,18,معدات طبية,Medical Equipment,01,معدات مساعدة,Auxiliary,25,مقاييس,Scales,01,180125,18012501,10000,,12,15
cls_18012504,18,معدات طبية,Medical Equipment,01,معدات مساعدة,Auxiliary,25,مقاييس,Scales,04,180125,18012504,10000,,12,15
cls_18012601,18,معدات طبية,Medical Equipment,01,معدات مساعدة,Auxiliary,26,أجهزة الاستشعار,Sensors,01,180126,18012601,10000,,7,12
cls_18012604,18,معدات طبية,Medical Equipment,01,معدات مساعدة,Auxiliary,26,أجهزة الاستشعار,Sensors,04,180126,18012604,10000,,7,12
cls_18012701,18,معدات طبية,Medical Equipment,01,معدات مساعدة,Auxiliary,27,معدات مساعدة جراحية,Surgical,01,180127,18012701,10000,,7,12
cls_18012704,18,معدات طبية,Medical Equipment,01,معدات مساعدة,Auxiliary,27,معدات مساعدة جراحية,Surgical,04,180127,18012704,10000,,7,12
cls_18012801,18,معدات طبية,Medical Equipment,01,معدات مساعدة,Auxiliary,28,معدات اختبار,Testing Equipment,01,180128,18012801,10000,,12,15
cls_18012804,18,معدات طبية,Medical Equipment,01,معدات مساعدة,Auxiliary,28,معدات اختبار,Testing Equipment,04,180128,18012804,10000,,12,15
cls_18012901,18,معدات طبية,Medical Equipment,01,معدات مساعدة,Auxiliary,29,معدات تنفس,Ventilation,01,180129,18012901,10000,,12,15
cls_18012904,18,معدات طبية,Medical Equipment,01,معدات مساعدة,Auxiliary,29,معدات تنفس,Ventilation,04,180129,18012904,10000,,12,15
cls_18013001,18,معدات طبية,Medical Equipment,01,معدات مساعدة,Auxiliary,30,ملحقات الأشعة السينية,X-Ray Accessories,01,180130,18013001,10000,,5,10
cls_18013004,18,معدات طبية,Medical Equipment,01,معدات مساعدة,Auxiliary,30,ملحقات الأشعة السينية,X-Ray Accessories,04,180130,18013004,10000,,5,10
cls_18013101,18,معدات طبية,Medical Equipment,01,معدات مساعدة,Auxiliary,31,خزائن طبية,Medical Cabinets,01,180131,18013101,,,,
cls_18013104,18,معدات طبية,Medical Equipment,01,معدات مساعدة,Auxiliary,31,خزائن طبية,Medical Cabinets,04,180131,18013104,,,,
cls_18013201,18,معدات طبية,Medical Equipment,01,معدات مساعدة,Auxiliary,32,تركيبات طبية,Medical Fixtures,01,180132,18013201,,,,
cls_18013204,18,معدات طبية,Medical Equipment,01,معدات مساعدة,Auxiliary,32,تركيبات طبية,Medical Fixtures,04,180132,18013204,,,,
cls_18013301,18,معدات طبية,Medical Equipment,01,معدات مساعدة,Auxiliary,33,معدات الطوارئ الطبية,Emergency Medical Equipment,01,180133,18013301,,,,
cls_18013304,18,معدات طبية,Medical Equipment,01,معدات مساعدة,Auxiliary,33,معدات الطوارئ الطبية,Emergency Medical Equipment,04,180133,18013304,,,,
cls_18013401,18,معدات طبية,Medical Equipment,01,معدات مساعدة,Auxiliary,34,آلة صرف الحبوب الطبية,Medical Dispensing Machine,01,180134,18013401,,,,
cls_18013404,18,معدات طبية,Medical Equipment,01,معدات مساعدة,Auxiliary,34,آلة صرف الحبوب الطبية,Medical Dispensing Machine,04,180134,18013404,,,,
cls_18013501,18,معدات طبية,Medical Equipment,01,معدات مساعدة,Auxiliary,35,معدات الصب الطبية,Medical Casting Equipment,01,180135,18013501,,,,
cls_18013504,18,معدات طبية,Medical Equipment,01,معدات مساعدة,Auxiliary,35,معدات الصب الطبية,Medical Casting Equipment,04,180135,18013504,,,,
cls_18020101,18,معدات طبية,Medical Equipment,02,التشخيص الطبي الحيوي,Biomedical Diagnostic,01,معدات السمع,Audiology,01,180201,18020101,10000,,5,10
cls_18020104,18,معدات طبية,Medical Equipment,02,التشخيص الطبي الحيوي,Biomedical Diagnostic,01,معدات السمع,Audiology,04,180201,18020104,10000,,5,10
cls_18020201,18,معدات طبية,Medical Equipment,02,التشخيص الطبي الحيوي,Biomedical Diagnostic,02,أجهزة الطرد المركزي,Centrifuges,01,180202,18020201,10000,,7,12
cls_18020204,18,معدات طبية,Medical Equipment,02,التشخيص الطبي الحيوي,Biomedical Diagnostic,02,أجهزة الطرد المركزي,Centrifuges,04,180202,18020204,10000,,7,12
cls_18020301,18,معدات طبية,Medical Equipment,02,التشخيص الطبي الحيوي,Biomedical Diagnostic,03,عدادات الطبية,Counters Medical,01,180203,18020301,10000,,5,10
cls_18020304,18,معدات طبية,Medical Equipment,02,التشخيص الطبي الحيوي,Biomedical Diagnostic,03,عدادات الطبية,Counters Medical,04,180203,18020304,10000,,5,10
cls_18020401,18,معدات طبية,Medical Equipment,02,التشخيص الطبي الحيوي,Biomedical Diagnostic,04,جهاز تخطيط كهرباء القلب,ECG,01,180204,18020401,10000,,5,10
cls_18020404,18,معدات طبية,Medical Equipment,02,التشخيص الطبي الحيوي,Biomedical Diagnostic,04,جهاز تخطيط كهرباء القلب,ECG,04,180204,18020404,10000,,5,10
cls_18020501,18,معدات طبية,Medical Equipment,02,التشخيص الطبي الحيوي,Biomedical Diagnostic,05,جهاز تخطيط كهرباء الدماغ,EEG,01,180205,18020501,10000,,3,7
cls_18020504,18,معدات طبية,Medical Equipment,02,التشخيص الطبي الحيوي,Biomedical Diagnostic,05,جهاز تخطيط كهرباء الدماغ,EEG,04,180205,18020504,10000,,3,7
cls_18020601,18,معدات طبية,Medical Equipment,02,التشخيص الطبي الحيوي,Biomedical Diagnostic,06,المناظير المرنة,Flexible Endoscopes,01,180206,18020601,10000,,5,10
cls_18020604,18,معدات طبية,Medical Equipment,02,التشخيص الطبي الحيوي,Biomedical Diagnostic,06,المناظير المرنة,Flexible Endoscopes,04,180206,18020604,10000,,5,10
cls_18020701,18,معدات طبية,Medical Equipment,02,التشخيص الطبي الحيوي,Biomedical Diagnostic,07,معدات المساعدة العامة,General Assistance,01,180207,18020701,10000,,3,7
cls_18020704,18,معدات طبية,Medical Equipment,02,التشخيص الطبي الحيوي,Biomedical Diagnostic,07,معدات المساعدة العامة,General Assistance,04,180207,18020704,10000,,3,7
cls_18020801,18,معدات طبية,Medical Equipment,02,التشخيص الطبي الحيوي,Biomedical Diagnostic,08,معدات أمراض النساء,Gynecology,01,180208,18020801,10000,,5,10
cls_18020804,18,معدات طبية,Medical Equipment,02,التشخيص الطبي الحيوي,Biomedical Diagnostic,08,معدات أمراض النساء,Gynecology,04,180208,18020804,10000,,5,10
cls_18020901,18,معدات طبية,Medical Equipment,02,التشخيص الطبي الحيوي,Biomedical Diagnostic,09,معدات الحقن,Injectors,01,180209,18020901,10000,,7,12
cls_18020904,18,معدات طبية,Medical Equipment,02,التشخيص الطبي الحيوي,Biomedical Diagnostic,09,معدات الحقن,Injectors,04,180209,18020904,10000,,7,12
cls_18021001,18,معدات طبية,Medical Equipment,02,التشخيص الطبي الحيوي,Biomedical Diagnostic,10,طابعات المختبرات,Laboratory Printers,01,180210,18021001,10000,,7,12
cls_18021004,18,معدات طبية,Medical Equipment,02,التشخيص الطبي الحيوي,Biomedical Diagnostic,10,طابعات المختبرات,Laboratory Printers,04,180210,18021004,10000,,7,12
cls_18021101,18,معدات طبية,Medical Equipment,02,التشخيص الطبي الحيوي,Biomedical Diagnostic,11,الإضاءة الطبية,Medical Lighting,01,180211,18021101,10000,,5,10
cls_18021104,18,معدات طبية,Medical Equipment,02,التشخيص الطبي الحيوي,Biomedical Diagnostic,11,الإضاءة الطبية,Medical Lighting,04,180211,18021104,10000,,5,10
cls_18021201,18,معدات طبية,Medical Equipment,02,التشخيص الطبي الحيوي,Biomedical Diagnostic,12,معدات طب العيون,Ophthalmology,01,180212,18021201,10000,,7,12
cls_18021204,18,معدات طبية,Medical Equipment,02,التشخيص الطبي الحيوي,Biomedical Diagnostic,12,معدات طب العيون,Ophthalmology,04,180212,18021204,10000,,7,12
cls_18021301,18,معدات طبية,Medical Equipment,02,التشخيص الطبي الحيوي,Biomedical Diagnostic,13,معدات التشخيص الطبية الحيوية المتخصصة الأخرى,Other Specialized Biomedical Diagnostic Equipment,01,180213,18021301,10000,,7,12
cls_18021304,18,معدات طبية,Medical Equipment,02,التشخيص الطبي الحيوي,Biomedical Diagnostic,13,معدات التشخيص الطبية الحيوية المتخصصة الأخرى,Other Specialized Biomedical Diagnostic Equipment,04,180213,18021304,10000,,7,12
cls_18021401,18,معدات طبية,Medical Equipment,02,التشخيص الطبي الحيوي,Biomedical Diagnostic,14,معدات متخصصة أخرى - محلل,Other Specialized Equipment - Analyzer,01,180214,18021401,10000,,7,12
cls_18021404,18,معدات طبية,Medical Equipment,02,التشخيص الطبي الحيوي,Biomedical Diagnostic,14,معدات متخصصة أخرى - محلل,Other Specialized Equipment - Analyzer,04,180214,18021404,10000,,7,12
cls_18021501,18,معدات طبية,Medical Equipment,02,التشخيص الطبي الحيوي,Biomedical Diagnostic,15,المعدات المتخصصة الأخرى - الأنف والأذن والحنجرة,Other Specialized Equipment - ENT,01,180215,18021501,10000,,3,7
cls_18021504,18,معدات طبية,Medical Equipment,02,التشخيص الطبي الحيوي,Biomedical Diagnostic,15,المعدات المتخصصة الأخرى - الأنف والأذن والحنجرة,Other Specialized Equipment - ENT,04,180215,18021504,10000,,3,7
cls_18021601,18,معدات طبية,Medical Equipment,02,التشخيص الطبي الحيوي,Biomedical Diagnostic,16,معدات متخصصة أخرى - خلاطات,Other Specialized Equipment - Mixers,01,180216,18021601,10000,,5,10
cls_18021604,18,معدات طبية,Medical Equipment,02,التشخيص الطبي الحيوي,Biomedical Diagnostic,16,معدات متخصصة أخرى - خلاطات,Other Specialized Equipment - Mixers,04,180216,18021604,10000,,5,10
cls_18021701,18,معدات طبية,Medical Equipment,02,التشخيص الطبي الحيوي,Biomedical Diagnostic,17,معدات متخصصة أخرى - فاحصون,Other Specialized Equipment - Testers,01,180217,18021701,10000,,7,12
cls_18021704,18,معدات طبية,Medical Equipment,02,التشخيص الطبي الحيوي,Biomedical Diagnostic,17,معدات متخصصة أخرى - فاحصون,Other Specialized Equipment - Testers,04,180217,18021704,10000,,7,12
cls_18021801,18,معدات طبية,Medical Equipment,02,التشخيص الطبي الحيوي,Biomedical Diagnostic,18,أجهزة علم الأمراض,Pathology Devices,01,180218,18021801,10000,,3,7
cls_18021804,18,معدات طبية,Medical Equipment,02,التشخيص الطبي الحيوي,Biomedical Diagnostic,18,أجهزة علم الأمراض,Pathology Devices,04,180218,18021804,10000,,3,7
cls_18021901,18,معدات طبية,Medical Equipment,02,التشخيص الطبي الحيوي,Biomedical Diagnostic,19,نطاقات جامدة,Rigid Scopes,01,180219,18021901,10000,,3,7
cls_18021904,18,معدات طبية,Medical Equipment,02,التشخيص الطبي الحيوي,Biomedical Diagnostic,19,نطاقات جامدة,Rigid Scopes,04,180219,18021904,10000,,3,7
cls_18022001,18,معدات طبية,Medical Equipment,02,التشخيص الطبي الحيوي,Biomedical Diagnostic,20,كاميرا طبية متخصصة,Specialized Camera Medical,01,180220,18022001,10000,,5,10
cls_18022004,18,معدات طبية,Medical Equipment,02,التشخيص الطبي الحيوي,Biomedical Diagnostic,20,كاميرا طبية متخصصة,Specialized Camera Medical,04,180220,18022004,10000,,5,10
cls_18022101,18,معدات طبية,Medical Equipment,02,التشخيص الطبي الحيوي,Biomedical Diagnostic,21,جهاز التخطيط الكهربائي للعضلات,EMG,01,180221,18022101,,,,
cls_18022104,18,معدات طبية,Medical Equipment,02,التشخيص الطبي الحيوي,Biomedical Diagnostic,21,جهاز التخطيط الكهربائي للعضلات,EMG,04,180221,18022104,,,,
cls_18030101,18,معدات طبية,Medical Equipment,03,دعم الحياة الحيوي,Biomedical Life Support,01,أجهزة تقويم نظم القلب,Cardioversion Devices,01,180301,18030101,10000,,5,10
cls_18030104,18,معدات طبية,Medical Equipment,03,دعم الحياة الحيوي,Biomedical Life Support,01,أجهزة تقويم نظم القلب,Cardioversion Devices,04,180301,18030104,10000,,5,10
cls_18030201,18,معدات طبية,Medical Equipment,03,دعم الحياة الحيوي,Biomedical Life Support,02,جهاز غسيل الكلى,Dialyzers,01,180302,18030201,10000,,5,10
cls_18030204,18,معدات طبية,Medical Equipment,03,دعم الحياة الحيوي,Biomedical Life Support,02,جهاز غسيل الكلى,Dialyzers,04,180302,18030204,10000,,5,10
cls_18030301,18,معدات طبية,Medical Equipment,03,دعم الحياة الحيوي,Biomedical Life Support,03,وحدات تجاوز القلب والرئة,Heart - Lung Bypass Units,01,180303,18030301,10000,,7,12
cls_18030304,18,معدات طبية,Medical Equipment,03,دعم الحياة الحيوي,Biomedical Life Support,03,وحدات تجاوز القلب والرئة,Heart - Lung Bypass Units,04,180303,18030304,10000,,7,12
cls_18030401,18,معدات طبية,Medical Equipment,03,دعم الحياة الحيوي,Biomedical Life Support,04,حاضنات حديثي الولادة,Incubators Neo-Natal,01,180304,18030401,10000,,5,10
cls_18030404,18,معدات طبية,Medical Equipment,03,دعم الحياة الحيوي,Biomedical Life Support,04,حاضنات حديثي الولادة,Incubators Neo-Natal,04,180304,18030404,10000,,5,10
cls_18030501,18,معدات طبية,Medical Equipment,03,دعم الحياة الحيوي,Biomedical Life Support,05,معدات دعم الحياة الطبية الحيوية المتخصصة الأخرى,Other Specialized Biomedical Life Support Equipment,01,180305,18030501,10000,,7,12
cls_18030504,18,معدات طبية,Medical Equipment,03,دعم الحياة الحيوي,Biomedical Life Support,05,معدات دعم الحياة الطبية الحيوية المتخصصة الأخرى,Other Specialized Biomedical Life Support Equipment,04,180305,18030504,10000,,7,12
cls_18030601,18,معدات طبية,Medical Equipment,03,دعم الحياة الحيوي,Biomedical Life Support,06,مضخة تغذية,Pump Feeding,01,180306,18030601,10000,,7,12
cls_18030604,18,معدات طبية,Medical Equipment,03,دعم الحياة الحيوي,Biomedical Life Support,06,مضخة تغذية,Pump Feeding,04,180306,18030604,10000,,7,12
cls_18030701,18,معدات طبية,Medical Equipment,03,دعم الحياة الحيوي,Biomedical Life Support,07,مضخة طبيه,Pump General,01,180307,18030701,10000,,5,10
cls_18030704,18,معدات طبية,Medical Equipment,03,دعم الحياة الحيوي,Biomedical Life Support,07,مضخة طبيه,Pump General,04,180307,18030704,10000,,5,10
cls_18030801,18,معدات طبية,Medical Equipment,03,دعم الحياة الحيوي,Biomedical Life Support,08,معدات التنظيم الحراري,Thermoregulation,01,180308,18030801,10000,,7,12
cls_18030804,18,معدات طبية,Medical Equipment,03,دعم الحياة الحيوي,Biomedical Life Support,08,معدات التنظيم الحراري,Thermoregulation,04,180308,18030804,10000,,7,12
cls_18030901,18,معدات طبية,Medical Equipment,03,دعم الحياة الحيوي,Biomedical Life Support,09,أضواء فوق بنفسجية,Ultraviolet Lights,01,180309,18030901,10000,,5,10
cls_18030904,18,معدات طبية,Medical Equipment,03,دعم الحياة الحيوي,Biomedical Life Support,09,أضواء فوق بنفسجية,Ultraviolet Lights,04,180309,18030904,10000,,5,10
cls_18031001,18,معدات طبية,Medical Equipment,03,دعم الحياة الحيوي,Biomedical Life Support,10,جهاز تنفس اصطناعي,Ventilators,01,180310,18031001,10000,,7,12
cls_18031004,18,معدات طبية,Medical Equipment,03,دعم الحياة الحيوي,Biomedical Life Support,10,جهاز تنفس اصطناعي,Ventilators,04,180310,18031004,10000,,7,12
cls_18040101,18,معدات طبية,Medical Equipment,04,المراقبة الطبية الحيوي,Biomedical Monitoring,01,وحدات العلاج السلوكي,Behavioral Therapy Units,01,180401,18040101,10000,,5,10
cls_18040104,18,معدات طبية,Medical Equipment,04,المراقبة الطبية الحيوي,Biomedical Monitoring,01,وحدات العلاج السلوكي,Behavioral Therapy Units,04,180401,18040104,10000,,5,10
cls_18040201,18,معدات طبية,Medical Equipment,04,المراقبة الطبية الحيوي,Biomedical Monitoring,02,معدات ضغط الدم,Blood Pressure,01,180402,18040201,10000,,5,10
cls_18040204,18,معدات طبية,Medical Equipment,04,المراقبة الطبية الحيوي,Biomedical Monitoring,02,معدات ضغط الدم,Blood Pressure,04,180402,18040204,10000,,5,10
cls_18040301,18,معدات طبية,Medical Equipment,04,المراقبة الطبية الحيوي,Biomedical Monitoring,03,محطات الرصد المركزية,Central Monitoring Stations,01,180403,18040301,10000,,5,10
cls_18040304,18,معدات طبية,Medical Equipment,04,المراقبة الطبية الحيوي,Biomedical Monitoring,03,محطات الرصد المركزية,Central Monitoring Stations,04,180403,18040304,10000,,5,10
cls_18040401,18,معدات طبية,Medical Equipment,04,المراقبة الطبية الحيوي,Biomedical Monitoring,04,الشاشات والفيديو,Monitors and Videos,01,180404,18040401,10000,,5,10
cls_18040404,18,معدات طبية,Medical Equipment,04,المراقبة الطبية الحيوي,Biomedical Monitoring,04,الشاشات والفيديو,Monitors and Videos,04,180404,18040404,10000,,5,10
cls_18040501,18,معدات طبية,Medical Equipment,04,المراقبة الطبية الحيوي,Biomedical Monitoring,05,شاشات مراقبة متعددة المهام,Multi Parameter Monitors,01,180405,18040501,10000,,5,10
cls_18040504,18,معدات طبية,Medical Equipment,04,المراقبة الطبية الحيوي,Biomedical Monitoring,05,شاشات مراقبة متعددة المهام,Multi Parameter Monitors,04,180405,18040504,10000,,5,10
cls_18040601,18,معدات طبية,Medical Equipment,04,المراقبة الطبية الحيوي,Biomedical Monitoring,06,أجهزة المراقبة الأخرى,Other Patient Parameters,01,180406,18040601,10000,,5,10
cls_18040604,18,معدات طبية,Medical Equipment,04,المراقبة الطبية الحيوي,Biomedical Monitoring,06,أجهزة المراقبة الأخرى,Other Patient Parameters,04,180406,18040604,10000,,5,10
cls_18040701,18,معدات طبية,Medical Equipment,04,المراقبة الطبية الحيوي,Biomedical Monitoring,07,معلمات المريض الآخر - محلل,Other Patient Parameters - Analyzer,01,180407,18040701,10000,,5,10
cls_18040704,18,معدات طبية,Medical Equipment,04,المراقبة الطبية الحيوي,Biomedical Monitoring,07,معلمات المريض الآخر - محلل,Other Patient Parameters - Analyzer,04,180407,18040704,10000,,5,10
cls_18040801,18,معدات طبية,Medical Equipment,04,المراقبة الطبية الحيوي,Biomedical Monitoring,08,المراقبة والاختبار في نقاط الرعاية الأخرى,Other Point-of-Care Monitoring and Testing,01,180408,18040801,10000,,7,12
cls_18040804,18,معدات طبية,Medical Equipment,04,المراقبة الطبية الحيوي,Biomedical Monitoring,08,المراقبة والاختبار في نقاط الرعاية الأخرى,Other Point-of-Care Monitoring and Testing,04,180408,18040804,10000,,7,12
cls_18040901,18,معدات طبية,Medical Equipment,04,المراقبة الطبية الحيوي,Biomedical Monitoring,09,معدات المحاكاة,Simulators,01,180409,18040901,10000,,7,12
cls_18040904,18,معدات طبية,Medical Equipment,04,المراقبة الطبية الحيوي,Biomedical Monitoring,09,معدات المحاكاة,Simulators,04,180409,18040904,10000,,7,12
cls_18041001,18,معدات طبية,Medical Equipment,04,المراقبة الطبية الحيوي,Biomedical Monitoring,10,المنبهات الطبية,Stimulators Medical,01,180410,18041001,10000,,7,12
cls_18041004,18,معدات طبية,Medical Equipment,04,المراقبة الطبية الحيوي,Biomedical Monitoring,10,المنبهات الطبية,Stimulators Medical,04,180410,18041004,10000,,7,12
cls_18041101,18,معدات طبية,Medical Equipment,04,المراقبة الطبية الحيوي,Biomedical Monitoring,11,أجهزة القياس عن بعد,Telemetry,01,180411,18041101,10000,,3,7
cls_18041104,18,معدات طبية,Medical Equipment,04,المراقبة الطبية الحيوي,Biomedical Monitoring,11,أجهزة القياس عن بعد,Telemetry,04,180411,18041104,10000,,3,7
cls_18041201,18,معدات طبية,Medical Equipment,04,المراقبة الطبية الحيوي,Biomedical Monitoring,12,أجهزة قياس حرارة,Thermometry Devices,01,180412,18041201,10000,,7,12
cls_18041204,18,معدات طبية,Medical Equipment,04,المراقبة الطبية الحيوي,Biomedical Monitoring,12,أجهزة قياس حرارة,Thermometry Devices,04,180412,18041204,10000,,7,12
cls_18050101,18,معدات طبية,Medical Equipment,05,العلاج الطبي الحيوي,Biomedical Therapeutic,01,معدات طب الأسنان,Dental Equipment,01,180501,18050101,10000,,3,7
cls_18050104,18,معدات طبية,Medical Equipment,05,العلاج الطبي الحيوي,Biomedical Therapeutic,01,معدات طب الأسنان,Dental Equipment,04,180501,18050104,10000,,3,7
cls_18050201,18,معدات طبية,Medical Equipment,05,العلاج الطبي الحيوي,Biomedical Therapeutic,02,المناظير وتنظير البطن,Endoscopy and Laparoscopy,01,180502,18050201,10000,,5,10
cls_18050204,18,معدات طبية,Medical Equipment,05,العلاج الطبي الحيوي,Biomedical Therapeutic,02,المناظير وتنظير البطن,Endoscopy and Laparoscopy,04,180502,18050204,10000,,5,10
cls_18050301,18,معدات طبية,Medical Equipment,05,العلاج الطبي الحيوي,Biomedical Therapeutic,03,تدفئة الرضع والعلاج بالضوء,Infant Warming and Phototherapy,01,180503,18050301,10000,,5,10
cls_18050304,18,معدات طبية,Medical Equipment,05,العلاج الطبي الحيوي,Biomedical Therapeutic,03,تدفئة الرضع والعلاج بالضوء,Infant Warming and Phototherapy,04,180503,18050304,10000,,5,10
cls_18050401,18,معدات طبية,Medical Equipment,05,العلاج الطبي الحيوي,Biomedical Therapeutic,04,أجهزة ضخ,Infusion Devices,01,180504,18050401,10000,,5,10
cls_18050404,18,معدات طبية,Medical Equipment,05,العلاج الطبي الحيوي,Biomedical Therapeutic,04,أجهزة ضخ,Infusion Devices,04,180504,18050404,10000,,5,10
cls_18050501,18,معدات طبية,Medical Equipment,05,العلاج الطبي الحيوي,Biomedical Therapeutic,05,أجهزة تكييف الغاز المستوحاة,Inspired Gas Conditioning Devices,01,180505,18050501,10000,,10,15
cls_18050504,18,معدات طبية,Medical Equipment,05,العلاج الطبي الحيوي,Biomedical Therapeutic,05,أجهزة تكييف الغاز المستوحاة,Inspired Gas Conditioning Devices,04,180505,18050504,10000,,10,15
cls_18050601,18,معدات طبية,Medical Equipment,05,العلاج الطبي الحيوي,Biomedical Therapeutic,06,غرف العزل الطبية,Isolation Chambers Medical,01,180506,18050601,10000,,5,10
cls_18050604,18,معدات طبية,Medical Equipment,05,العلاج الطبي الحيوي,Biomedical Therapeutic,06,غرف العزل الطبية,Isolation Chambers Medical,04,180506,18050604,10000,,5,10
cls_18050701,18,معدات طبية,Medical Equipment,05,العلاج الطبي الحيوي,Biomedical Therapeutic,07,أجهزة الليزر,Lasers,01,180507,18050701,10000,,5,10
cls_18050704,18,معدات طبية,Medical Equipment,05,العلاج الطبي الحيوي,Biomedical Therapeutic,07,أجهزة الليزر,Lasers,04,180507,18050704,10000,,5,10
cls_18050801,18,معدات طبية,Medical Equipment,05,العلاج الطبي الحيوي,Biomedical Therapeutic,08,المعدات العلاجية الطبية الحيوية المتخصصة الأخرى,Other Specialized Biomedical Therapeutic Equipment,01,180508,18050801,10000,,5,10
cls_18050804,18,معدات طبية,Medical Equipment,05,العلاج الطبي الحيوي,Biomedical Therapeutic,08,المعدات العلاجية الطبية الحيوية المتخصصة الأخرى,Other Specialized Biomedical Therapeutic Equipment,04,180508,18050804,10000,,5,10
cls_18050901,18,معدات طبية,Medical Equipment,05,العلاج الطبي الحيوي,Biomedical Therapeutic,09,معدات العلاج البدني,Physical Therapy,01,180509,18050901,10000,,7,12
cls_18050904,18,معدات طبية,Medical Equipment,05,العلاج الطبي الحيوي,Biomedical Therapeutic,09,معدات العلاج البدني,Physical Therapy,04,180509,18050904,10000,,7,12
cls_18051001,18,معدات طبية,Medical Equipment,05,العلاج الطبي الحيوي,Biomedical Therapeutic,10,معدات للعلاج الطبيعي,Physiotherapy Equipment,01,180510,18051001,10000,,7,12
cls_18051004,18,معدات طبية,Medical Equipment,05,العلاج الطبي الحيوي,Biomedical Therapeutic,10,معدات للعلاج الطبيعي,Physiotherapy Equipment,04,180510,18051004,10000,,7,12
cls_18051101,18,معدات طبية,Medical Equipment,05,العلاج الطبي الحيوي,Biomedical Therapeutic,11,المعدات الجراحية,Surgical Equipment,01,180511,18051101,10000,,7,12
cls_18051104,18,معدات طبية,Medical Equipment,05,العلاج الطبي الحيوي,Biomedical Therapeutic,11,المعدات الجراحية,Surgical Equipment,04,180511,18051104,10000,,7,12
cls_18051201,18,معدات طبية,Medical Equipment,05,العلاج الطبي الحيوي,Biomedical Therapeutic,12,تدفئة المريض / الدم / المحلول,Warmers Patient/Blood/Solution,01,180512,18051201,10000,,3,7
cls_18051204,18,معدات طبية,Medical Equipment,05,العلاج الطبي الحيوي,Biomedical Therapeutic,12,تدفئة المريض / الدم / المحلول,Warmers Patient/Blood/Solution,04,180512,18051204,10000,,3,7
cls_18060101,18,معدات طبية,Medical Equipment,06,الأدوات,Instruments,01,تحامل وإغلاق,Clamping and Occluding,01,180601,18060101,10000,,5,10
cls_18060104,18,معدات طبية,Medical Equipment,06,الأدوات,Instruments,01,تحامل وإغلاق,Clamping and Occluding,04,180601,18060104,10000,,5,10
cls_18060201,18,معدات طبية,Medical Equipment,06,الأدوات,Instruments,02,الجراحة الكهربائية,Electrosurgical,01,180602,18060201,10000,,3,7
cls_18060204,18,معدات طبية,Medical Equipment,06,الأدوات,Instruments,02,الجراحة الكهربائية,Electrosurgical,04,180602,18060204,10000,,3,7
cls_18060301,18,معدات طبية,Medical Equipment,06,الأدوات,Instruments,03,دليل الجراحي العام,General Surgical Manual,01,180603,18060301,10000,,3,7
cls_18060304,18,معدات طبية,Medical Equipment,06,الأدوات,Instruments,03,دليل الجراحي العام,General Surgical Manual,04,180603,18060304,10000,,3,7
cls_18060401,18,معدات طبية,Medical Equipment,06,الأدوات,Instruments,04,أدوات الاستيعاب والعقد,Grasping and Holding,01,180604,18060401,10000,,3,7
cls_18060404,18,معدات طبية,Medical Equipment,06,الأدوات,Instruments,04,أدوات الاستيعاب والعقد,Grasping and Holding,04,180604,18060404,10000,,3,7
cls_18060501,18,معدات طبية,Medical Equipment,06,الأدوات,Instruments,05,أدوات القياس,Measuring,01,180605,18060501,10000,,5,10
cls_18060504,18,معدات طبية,Medical Equipment,06,الأدوات,Instruments,05,أدوات القياس,Measuring,04,180605,18060504,10000,,5,10
cls_18060601,18,معدات طبية,Medical Equipment,06,الأدوات,Instruments,06,الأجهزة التي تعمل بالطاقة,Powered Instruments,01,180606,18060601,10000,,3,7
cls_18060604,18,معدات طبية,Medical Equipment,06,الأدوات,Instruments,06,الأجهزة التي تعمل بالطاقة,Powered Instruments,04,180606,18060604,10000,,3,7
cls_18060701,18,معدات طبية,Medical Equipment,06,الأدوات,Instruments,07,المجسات والموسعات,Probes and Dilators,01,180607,18060701,10000,,3,7
cls_18060704,18,معدات طبية,Medical Equipment,06,الأدوات,Instruments,07,المجسات والموسعات,Probes and Dilators,04,180607,18060704,10000,,3,7
cls_18060801,18,معدات طبية,Medical Equipment,06,الأدوات,Instruments,08,أدوات القطع الجراحي,Surgical Cutting,01,180608,18060801,10000,,3,7
cls_18060804,18,معدات طبية,Medical Equipment,06,الأدوات,Instruments,08,أدوات القطع الجراحي,Surgical Cutting,04,180608,18060804,10000,,3,7
cls_18060901,18,معدات طبية,Medical Equipment,06,الأدوات,Instruments,09,أدوات العرض الجراحي,Surgical Viewing,01,180609,18060901,10000,,5,10
cls_18060904,18,معدات طبية,Medical Equipment,06,الأدوات,Instruments,09,أدوات العرض الجراحي,Surgical Viewing,04,180609,18060904,10000,,5,10
cls_18070101,18,معدات طبية,Medical Equipment,07,التصوير الطبي,Medical Imaging,01,نظم تصوير الأوعية الدموية,Angiographic Systems,01,180701,18070101,10000,,5,10
cls_18070104,18,معدات طبية,Medical Equipment,07,التصوير الطبي,Medical Imaging,01,نظم تصوير الأوعية الدموية,Angiographic Systems,04,180701,18070104,10000,,5,10
cls_18070201,18,معدات طبية,Medical Equipment,07,التصوير الطبي,Medical Imaging,02,التصوير المقطعي المحوسب,Computed Tomography - CT,01,180702,18070201,10000,,5,10
cls_18070204,18,معدات طبية,Medical Equipment,07,التصوير الطبي,Medical Imaging,02,التصوير المقطعي المحوسب,Computed Tomography - CT,04,180702,18070204,10000,,5,10
cls_18070301,18,معدات طبية,Medical Equipment,07,التصوير الطبي,Medical Imaging,03,تصوير الأسنان,Dental,01,180703,18070301,10000,,5,10
cls_18070304,18,معدات طبية,Medical Equipment,07,التصوير الطبي,Medical Imaging,03,تصوير الأسنان,Dental,04,180703,18070304,10000,,5,10
cls_18070401,18,معدات طبية,Medical Equipment,07,التصوير الطبي,Medical Imaging,04,التصوير بالرنين المغناطيسي,Magnetic Resonance Imaging - MRI,01,180704,18070401,10000,,5,10
cls_18070404,18,معدات طبية,Medical Equipment,07,التصوير الطبي,Medical Imaging,04,التصوير بالرنين المغناطيسي,Magnetic Resonance Imaging - MRI,04,180704,18070404,10000,,5,10
cls_18070501,18,معدات طبية,Medical Equipment,07,التصوير الطبي,Medical Imaging,05,نظم التصوير الشعاعي للثدي,Mammography Systems,01,180705,18070501,10000,,5,10
cls_18070504,18,معدات طبية,Medical Equipment,07,التصوير الطبي,Medical Imaging,05,نظم التصوير الشعاعي للثدي,Mammography Systems,04,180705,18070504,10000,,5,10
cls_18070601,18,معدات طبية,Medical Equipment,07,التصوير الطبي,Medical Imaging,06,أنظمة التصوير الإشعاعي / الفلوروسكوبي - التنظير التألقي,Radiographic/Fluoroscopic Systems - Fluoroscopic,01,180706,18070601,10000,,3,7
cls_18070604,18,معدات طبية,Medical Equipment,07,التصوير الطبي,Medical Imaging,06,أنظمة التصوير الإشعاعي / الفلوروسكوبي - التنظير التألقي,Radiographic/Fluoroscopic Systems - Fluoroscopic,04,180706,18070604,10000,,3,7
cls_18070701,18,معدات طبية,Medical Equipment,07,التصوير الطبي,Medical Imaging,07,أنظمة الأشعة الرقمية,Radiography Systems Digital,01,180707,18070701,10000,,3,7
cls_18070704,18,معدات طبية,Medical Equipment,07,التصوير الطبي,Medical Imaging,07,أنظمة الأشعة الرقمية,Radiography Systems Digital,04,180707,18070704,10000,,3,7
cls_18070801,18,معدات طبية,Medical Equipment,07,التصوير الطبي,Medical Imaging,08,أنظمة التصوير الشعاعي المتنقلة,Radiography Systems Mobile,01,180708,18070801,10000,,5,10
cls_18070804,18,معدات طبية,Medical Equipment,07,التصوير الطبي,Medical Imaging,08,أنظمة التصوير الشعاعي المتنقلة,Radiography Systems Mobile,04,180708,18070804,10000,,5,10
cls_18070901,18,معدات طبية,Medical Equipment,07,التصوير الطبي,Medical Imaging,09,أنظمة المسح الضوئي - عامة,Scanning Systems - General,01,180709,18070901,10000,,5,10
cls_18070904,18,معدات طبية,Medical Equipment,07,التصوير الطبي,Medical Imaging,09,أنظمة المسح الضوئي - عامة,Scanning Systems - General,04,180709,18070904,10000,,5,10
cls_18071001,18,معدات طبية,Medical Equipment,07,التصوير الطبي,Medical Imaging,10,أنظمة المسح الضوئي بالموجات فوق الصوتية - القلب والأوعية الدموية,Ultrasonic Scanning Systems - Cardiovascular,01,180710,18071001,10000,,5,10
cls_18071004,18,معدات طبية,Medical Equipment,07,التصوير الطبي,Medical Imaging,10,أنظمة المسح الضوئي بالموجات فوق الصوتية - القلب والأوعية الدموية,Ultrasonic Scanning Systems - Cardiovascular,04,180710,18071004,10000,,5,10
cls_18071101,18,معدات طبية,Medical Equipment,07,التصوير الطبي,Medical Imaging,11,أنظمة المسح بالموجات فوق الصوتية - عام,Ultrasonic Scanning Systems - General,01,180711,18071101,10000,,5,10
cls_18071104,18,معدات طبية,Medical Equipment,07,التصوير الطبي,Medical Imaging,11,أنظمة المسح بالموجات فوق الصوتية - عام,Ultrasonic Scanning Systems - General,04,180711,18071104,10000,,5,10
cls_18071201,18,معدات طبية,Medical Equipment,07,التصوير الطبي,Medical Imaging,12,أنظمة المسح بالموجات فوق الصوتية - تصوير الثدي بالأشعة,Ultrasonic Scanning Systems - Mammography,01,180712,18071201,10000,,5,10
cls_18071204,18,معدات طبية,Medical Equipment,07,التصوير الطبي,Medical Imaging,12,أنظمة المسح بالموجات فوق الصوتية - تصوير الثدي بالأشعة,Ultrasonic Scanning Systems - Mammography,04,180712,18071204,10000,,5,10
cls_18071301,18,معدات طبية,Medical Equipment,07,التصوير الطبي,Medical Imaging,13,أنظمة المسح بالموجات فوق الصوتية,Ultrasonic Scanning Systems - OB/GYN,01,180713,18071301,10000,,5,10
cls_18071304,18,معدات طبية,Medical Equipment,07,التصوير الطبي,Medical Imaging,13,أنظمة المسح بالموجات فوق الصوتية,Ultrasonic Scanning Systems - OB/GYN,04,180713,18071304,10000,,5,10
cls_18071401,18,معدات طبية,Medical Equipment,07,التصوير الطبي,Medical Imaging,14,مكونات الأشعة السينية,X-Ray Components,01,180714,18071401,10000,,12,15
cls_18071404,18,معدات طبية,Medical Equipment,07,التصوير الطبي,Medical Imaging,14,مكونات الأشعة السينية,X-Ray Components,04,180714,18071404,10000,,12,15
cls_18080101,18,معدات طبية,Medical Equipment,08,معالجة النفايات الطبية,Medical Waste Handling,01,صناديق النفايات الطبية,Bins,01,180801,18080101,10000,,12,15
cls_18080104,18,معدات طبية,Medical Equipment,08,معالجة النفايات الطبية,Medical Waste Handling,01,صناديق النفايات الطبية,Bins,04,180801,18080104,10000,,12,15
cls_18080201,18,معدات طبية,Medical Equipment,08,معالجة النفايات الطبية,Medical Waste Handling,02,معالجة النفايات الصلبة,Solid Waste Handling,01,180802,18080201,10000,,3,7
cls_18080204,18,معدات طبية,Medical Equipment,08,معالجة النفايات الطبية,Medical Waste Handling,02,معالجة النفايات الصلبة,Solid Waste Handling,04,180802,18080204,10000,,3,7
cls_18090101,18,معدات طبية,Medical Equipment,09,رعاية المرضى,Patient Care,01,أحواض / أوعية / أغطية سرير,Basins/Bowls/Bedpans,01,180901,18090101,10000,,7,12
cls_18090104,18,معدات طبية,Medical Equipment,09,رعاية المرضى,Patient Care,01,أحواض / أوعية / أغطية سرير,Basins/Bowls/Bedpans,04,180901,18090104,10000,,7,12
cls_18090201,18,معدات طبية,Medical Equipment,09,رعاية المرضى,Patient Care,02,الحمامات,Baths,01,180902,18090201,10000,,12,15
cls_18090204,18,معدات طبية,Medical Equipment,09,رعاية المرضى,Patient Care,02,الحمامات,Baths,04,180902,18090204,10000,,12,15
cls_18090301,18,معدات طبية,Medical Equipment,09,رعاية المرضى,Patient Care,03,صوان طبي,Commode,01,180903,18090301,10000,,12,15
cls_18090304,18,معدات طبية,Medical Equipment,09,رعاية المرضى,Patient Care,03,صوان طبي,Commode,04,180903,18090304,10000,,12,15
cls_18090401,18,معدات طبية,Medical Equipment,09,رعاية المرضى,Patient Care,04,أسرة الرضع,Cradles/Infant Beds,01,180904,18090401,10000,,10,15
cls_18090404,18,معدات طبية,Medical Equipment,09,رعاية المرضى,Patient Care,04,أسرة الرضع,Cradles/Infant Beds,04,180904,18090404,10000,,10,15
cls_18090501,18,معدات طبية,Medical Equipment,09,رعاية المرضى,Patient Care,05,أسرة طبية,Medical Beds,01,180905,18090501,10000,,10,15
cls_18090504,18,معدات طبية,Medical Equipment,09,رعاية المرضى,Patient Care,05,أسرة طبية,Medical Beds,04,180905,18090504,10000,,10,15
cls_18090601,18,معدات طبية,Medical Equipment,09,رعاية المرضى,Patient Care,06,رافعات المريض,Patient Lifters,01,180906,18090601,10000,,10,15
cls_18090604,18,معدات طبية,Medical Equipment,09,رعاية المرضى,Patient Care,06,رافعات المريض,Patient Lifters,04,180906,18090604,10000,,10,15
cls_18090701,18,معدات طبية,Medical Equipment,09,رعاية المرضى,Patient Care,07,قيود طبيه للمريض,Restraints Patient,01,180907,18090701,10000,,7,12
cls_18090704,18,معدات طبية,Medical Equipment,09,رعاية المرضى,Patient Care,07,قيود طبيه للمريض,Restraints Patient,04,180907,18090704,10000,,7,12
cls_18090801,18,معدات طبية,Medical Equipment,09,رعاية المرضى,Patient Care,08,مناخل,Screens,01,180908,18090801,10000,,7,12
cls_18090804,18,معدات طبية,Medical Equipment,09,رعاية المرضى,Patient Care,08,مناخل,Screens,04,180908,18090804,10000,,7,12
cls_18100101,18,معدات طبية,Medical Equipment,10,تنقل المرضى,Patient Mobility,01,معدات عامة,General Equipment,01,181001,18100101,10000,,7,12
cls_18100104,18,معدات طبية,Medical Equipment,10,تنقل المرضى,Patient Mobility,01,معدات عامة,General Equipment,04,181001,18100104,10000,,7,12
cls_18100201,18,معدات طبية,Medical Equipment,10,تنقل المرضى,Patient Mobility,02,الأطراف الاصطناعية,Prostheses,01,181002,18100201,10000,,5,10
cls_18100204,18,معدات طبية,Medical Equipment,10,تنقل المرضى,Patient Mobility,02,الأطراف الاصطناعية,Prostheses,04,181002,18100204,10000,,5,10
cls_18100301,18,معدات طبية,Medical Equipment,10,تنقل المرضى,Patient Mobility,03,المساعدة على المشي,Walking Aids,01,181003,18100301,10000,,7,12
cls_18100304,18,معدات طبية,Medical Equipment,10,تنقل المرضى,Patient Mobility,03,المساعدة على المشي,Walking Aids,04,181003,18100304,10000,,7,12
cls_18100401,18,معدات طبية,Medical Equipment,10,تنقل المرضى,Patient Mobility,04,كراسي متحركة,Wheelchairs,01,181004,18100401,10000,,7,12
cls_18100404,18,معدات طبية,Medical Equipment,10,تنقل المرضى,Patient Mobility,04,كراسي متحركة,Wheelchairs,04,181004,18100404,10000,,7,12
cls_19010101,19,معدات المختبرات والأجهزة,Laboratory and instrumentation equipment,01,معدات خلط وتشتيت مختبرية,"Laboratory Blending, Dispersing and Mixing Equipment",01,معدات مزج و تشتيت مختبرية,Laboratory Blending & Dispersing Equipment,01,190101,19010101,10000,,12,15
cls_19010104,19,معدات المختبرات والأجهزة,Laboratory and instrumentation equipment,01,معدات خلط وتشتيت مختبرية,"Laboratory Blending, Dispersing and Mixing Equipment",01,معدات مزج و تشتيت مختبرية,Laboratory Blending & Dispersing Equipment,04,190101,19010104,10000,,12,15
cls_19010201,19,معدات المختبرات والأجهزة,Laboratory and instrumentation equipment,01,معدات خلط وتشتيت مختبرية,"Laboratory Blending, Dispersing and Mixing Equipment",02,أجهزة الطرد المركزي للمختبر,Laboratory Centrifuges,01,190102,19010201,10000,,7,12
cls_19010204,19,معدات المختبرات والأجهزة,Laboratory and instrumentation equipment,01,معدات خلط وتشتيت مختبرية,"Laboratory Blending, Dispersing and Mixing Equipment",02,أجهزة الطرد المركزي للمختبر,Laboratory Centrifuges,04,190102,19010204,10000,,7,12
cls_19010301,19,معدات المختبرات والأجهزة,Laboratory and instrumentation equipment,01,معدات خلط وتشتيت مختبرية,"Laboratory Blending, Dispersing and Mixing Equipment",03,معدات الخلط والتحريك المعملية,Laboratory Mixing & Stirring Equipment,01,190103,19010301,10000,,12,15
cls_19010304,19,معدات المختبرات والأجهزة,Laboratory and instrumentation equipment,01,معدات خلط وتشتيت مختبرية,"Laboratory Blending, Dispersing and Mixing Equipment",03,معدات الخلط والتحريك المعملية,Laboratory Mixing & Stirring Equipment,04,190103,19010304,10000,,12,15
cls_19020101,19,معدات المختبرات والأجهزة,Laboratory and instrumentation equipment,02,معدات مختبر الثقب والطحن والقطع والضغط,"Laboratory Boring, Grinding, Cutting & Pressing Equipment",01,معدات حفر وطحن مختبرية,Laboratory Boring And Grinding Equipment,01,190201,19020101,10000,,7,12
cls_19020104,19,معدات المختبرات والأجهزة,Laboratory and instrumentation equipment,02,معدات مختبر الثقب والطحن والقطع والضغط,"Laboratory Boring, Grinding, Cutting & Pressing Equipment",01,معدات حفر وطحن مختبرية,Laboratory Boring And Grinding Equipment,04,190201,19020104,10000,,7,12
cls_19020201,19,معدات المختبرات والأجهزة,Laboratory and instrumentation equipment,02,معدات مختبر الثقب والطحن والقطع والضغط,"Laboratory Boring, Grinding, Cutting & Pressing Equipment",02,قطع مختبري,Laboratory Cutting,01,190202,19020201,10000,,7,12
cls_19020204,19,معدات المختبرات والأجهزة,Laboratory and instrumentation equipment,02,معدات مختبر الثقب والطحن والقطع والضغط,"Laboratory Boring, Grinding, Cutting & Pressing Equipment",02,قطع مختبري,Laboratory Cutting,04,190202,19020204,10000,,7,12
cls_19020301,19,معدات المختبرات والأجهزة,Laboratory and instrumentation equipment,02,معدات مختبر الثقب والطحن والقطع والضغط,"Laboratory Boring, Grinding, Cutting & Pressing Equipment",03,طحن مختبري,Laboratory Grinding,01,190203,19020301,10000,,7,12
cls_19020304,19,معدات المختبرات والأجهزة,Laboratory and instrumentation equipment,02,معدات مختبر الثقب والطحن والقطع والضغط,"Laboratory Boring, Grinding, Cutting & Pressing Equipment",03,طحن مختبري,Laboratory Grinding,04,190203,19020304,10000,,7,12
cls_19020401,19,معدات المختبرات والأجهزة,Laboratory and instrumentation equipment,02,معدات مختبر الثقب والطحن والقطع والضغط,"Laboratory Boring, Grinding, Cutting & Pressing Equipment",04,ضغط مختبري,Laboratory Pressing,01,190204,19020401,10000,,7,12
cls_19020404,19,معدات المختبرات والأجهزة,Laboratory and instrumentation equipment,02,معدات مختبر الثقب والطحن والقطع والضغط,"Laboratory Boring, Grinding, Cutting & Pressing Equipment",04,ضغط مختبري,Laboratory Pressing,04,190204,19020404,10000,,7,12
cls_19030101,19,معدات المختبرات والأجهزة,Laboratory and instrumentation equipment,03,معدات مختبر علم البلورات,Laboratory Crystallography Equipment,01,معدات زراعة وتشكيل الكريستال,Crystal growing & Forming equipment,01,190301,19030101,10000,,7,12
cls_19030104,19,معدات المختبرات والأجهزة,Laboratory and instrumentation equipment,03,معدات مختبر علم البلورات,Laboratory Crystallography Equipment,01,معدات زراعة وتشكيل الكريستال,Crystal growing & Forming equipment,04,190301,19030104,10000,,7,12
cls_19030201,19,معدات المختبرات والأجهزة,Laboratory and instrumentation equipment,03,معدات مختبر علم البلورات,Laboratory Crystallography Equipment,02,معدات تشتت الضوء والأشعة السينية,Light & X-Ray Scattering Equipment,01,190302,19030201,10000,,7,12
cls_19030204,19,معدات المختبرات والأجهزة,Laboratory and instrumentation equipment,03,معدات مختبر علم البلورات,Laboratory Crystallography Equipment,02,معدات تشتت الضوء والأشعة السينية,Light & X-Ray Scattering Equipment,04,190302,19030204,10000,,7,12
cls_19040101,19,معدات المختبرات والأجهزة,Laboratory and instrumentation equipment,04,معدات المختبرات الإلكترونية والمولدات الموجية,Laboratory Electron & Wave Generators Equipment,01,معدات الحيود,Diffraction equipment,01,190401,19040101,10000,,12,15
cls_19040104,19,معدات المختبرات والأجهزة,Laboratory and instrumentation equipment,04,معدات المختبرات الإلكترونية والمولدات الموجية,Laboratory Electron & Wave Generators Equipment,01,معدات الحيود,Diffraction equipment,04,190401,19040104,10000,,12,15
cls_19040201,19,معدات المختبرات والأجهزة,Laboratory and instrumentation equipment,04,معدات المختبرات الإلكترونية والمولدات الموجية,Laboratory Electron & Wave Generators Equipment,02,معدات توليد الالكترون,Electron Generating Equipment,01,190402,19040201,10000,,7,12
cls_19040204,19,معدات المختبرات والأجهزة,Laboratory and instrumentation equipment,04,معدات المختبرات الإلكترونية والمولدات الموجية,Laboratory Electron & Wave Generators Equipment,02,معدات توليد الالكترون,Electron Generating Equipment,04,190402,19040204,10000,,7,12
cls_19040301,19,معدات المختبرات والأجهزة,Laboratory and instrumentation equipment,04,معدات المختبرات الإلكترونية والمولدات الموجية,Laboratory Electron & Wave Generators Equipment,03,معدات محلل الإشارة,Signal analyzer Equipment,01,190403,19040301,10000,,3,7
cls_19040304,19,معدات المختبرات والأجهزة,Laboratory and instrumentation equipment,04,معدات المختبرات الإلكترونية والمولدات الموجية,Laboratory Electron & Wave Generators Equipment,03,معدات محلل الإشارة,Signal analyzer Equipment,04,190403,19040304,10000,,3,7
cls_19040401,19,معدات المختبرات والأجهزة,Laboratory and instrumentation equipment,04,معدات المختبرات الإلكترونية والمولدات الموجية,Laboratory Electron & Wave Generators Equipment,04,أجهزة قياس الأمواج والإشارات,Waves & Signal Measuring Equipment,01,190404,19040401,10000,,3,7
cls_19040404,19,معدات المختبرات والأجهزة,Laboratory and instrumentation equipment,04,معدات المختبرات الإلكترونية والمولدات الموجية,Laboratory Electron & Wave Generators Equipment,04,أجهزة قياس الأمواج والإشارات,Waves & Signal Measuring Equipment,04,190404,19040404,10000,,3,7
cls_19040501,19,معدات المختبرات والأجهزة,Laboratory and instrumentation equipment,04,معدات المختبرات الإلكترونية والمولدات الموجية,Laboratory Electron & Wave Generators Equipment,05,معدات توليد الأمواج,Waves Generating equipment,01,190405,19040501,10000,,7,12
cls_19040504,19,معدات المختبرات والأجهزة,Laboratory and instrumentation equipment,04,معدات المختبرات الإلكترونية والمولدات الموجية,Laboratory Electron & Wave Generators Equipment,05,معدات توليد الأمواج,Waves Generating equipment,04,190405,19040504,10000,,7,12
cls_19050101,19,معدات المختبرات والأجهزة,Laboratory and instrumentation equipment,05,معدات المختبر البيئية,Laboratory Environmental Equipment,01,معدات التقاط الحيوانات,Animal Capturing Equipment,01,190501,19050101,10000,,7,12
cls_19050104,19,معدات المختبرات والأجهزة,Laboratory and instrumentation equipment,05,معدات المختبر البيئية,Laboratory Environmental Equipment,01,معدات التقاط الحيوانات,Animal Capturing Equipment,04,190501,19050104,10000,,7,12
cls_19050201,19,معدات المختبرات والأجهزة,Laboratory and instrumentation equipment,05,معدات المختبر البيئية,Laboratory Environmental Equipment,02,معدات مختبرية للحيوان,Animal Laboratory Equipment,01,190502,19050201,10000,,7,12
cls_19050204,19,معدات المختبرات والأجهزة,Laboratory and instrumentation equipment,05,معدات المختبر البيئية,Laboratory Environmental Equipment,02,معدات مختبرية للحيوان,Animal Laboratory Equipment,04,190502,19050204,10000,,7,12
cls_19050301,19,معدات المختبرات والأجهزة,Laboratory and instrumentation equipment,05,معدات المختبر البيئية,Laboratory Environmental Equipment,03,معدات أحواض السمك,Aquaria equipment,01,190503,19050301,10000,,7,12
cls_19050304,19,معدات المختبرات والأجهزة,Laboratory and instrumentation equipment,05,معدات المختبر البيئية,Laboratory Environmental Equipment,03,معدات أحواض السمك,Aquaria equipment,04,190503,19050304,10000,,7,12
cls_19050401,19,معدات المختبرات والأجهزة,Laboratory and instrumentation equipment,05,معدات المختبر البيئية,Laboratory Environmental Equipment,04,معدات المختبرات النباتية,Laboratory Botanical Equipment,01,190504,19050401,10000,,5,10
cls_19050404,19,معدات المختبرات والأجهزة,Laboratory and instrumentation equipment,05,معدات المختبر البيئية,Laboratory Environmental Equipment,04,معدات المختبرات النباتية,Laboratory Botanical Equipment,04,190504,19050404,10000,,5,10
cls_19050501,19,معدات المختبرات والأجهزة,Laboratory and instrumentation equipment,05,معدات المختبر البيئية,Laboratory Environmental Equipment,05,معدات مختبرية لعلم الحشرات,Laboratory Entomological Equipment,01,190505,19050501,10000,,12,15
cls_19050504,19,معدات المختبرات والأجهزة,Laboratory and instrumentation equipment,05,معدات المختبر البيئية,Laboratory Environmental Equipment,05,معدات مختبرية لعلم الحشرات,Laboratory Entomological Equipment,04,190505,19050504,10000,,12,15
cls_19050601,19,معدات المختبرات والأجهزة,Laboratory and instrumentation equipment,05,معدات المختبر البيئية,Laboratory Environmental Equipment,06,معدات التكييف البيئي للمختبر,Laboratory Environmental Conditioning Equipment,01,190506,19050601,10000,,12,15
cls_19050604,19,معدات المختبرات والأجهزة,Laboratory and instrumentation equipment,05,معدات المختبر البيئية,Laboratory Environmental Equipment,06,معدات التكييف البيئي للمختبر,Laboratory Environmental Conditioning Equipment,04,190506,19050604,10000,,12,15
cls_19060101,19,معدات المختبرات والأجهزة,Laboratory and instrumentation equipment,06,معدات ترشيح المختبر,Laboratory Filtering Equipment,01,معدات وتجهيزات ترشيح مختبرية,Laboratory Filtering Equipment,01,190601,19060101,10000,,3,7
cls_19060104,19,معدات المختبرات والأجهزة,Laboratory and instrumentation equipment,06,معدات ترشيح المختبر,Laboratory Filtering Equipment,01,معدات وتجهيزات ترشيح مختبرية,Laboratory Filtering Equipment,04,190601,19060104,10000,,3,7
cls_19060201,19,معدات المختبرات والأجهزة,Laboratory and instrumentation equipment,06,معدات ترشيح المختبر,Laboratory Filtering Equipment,02,معدات تنقية المياه مختبرية,Laboratory Water Purification Equipment,01,190602,19060201,10000,,7,12
cls_19060204,19,معدات المختبرات والأجهزة,Laboratory and instrumentation equipment,06,معدات ترشيح المختبر,Laboratory Filtering Equipment,02,معدات تنقية المياه مختبرية,Laboratory Water Purification Equipment,04,190602,19060204,10000,,7,12
cls_19070101,19,معدات المختبرات والأجهزة,Laboratory and instrumentation equipment,07,معدات ميكانيكا السوائل المختبرية,Laboratory Fluid Mechanics Equipment,01,معدات تحليل التدفق,Flow Analysis Equipment,01,190701,19070101,10000,,7,12
cls_19070104,19,معدات المختبرات والأجهزة,Laboratory and instrumentation equipment,07,معدات ميكانيكا السوائل المختبرية,Laboratory Fluid Mechanics Equipment,01,معدات تحليل التدفق,Flow Analysis Equipment,04,190701,19070104,10000,,7,12
cls_19070201,19,معدات المختبرات والأجهزة,Laboratory and instrumentation equipment,07,معدات ميكانيكا السوائل المختبرية,Laboratory Fluid Mechanics Equipment,02,عدادات السوائل وأجهزة القياس,Fluid Meters & Measuring Devices,01,190702,19070201,10000,,3,7
cls_19070204,19,معدات المختبرات والأجهزة,Laboratory and instrumentation equipment,07,معدات ميكانيكا السوائل المختبرية,Laboratory Fluid Mechanics Equipment,02,عدادات السوائل وأجهزة القياس,Fluid Meters & Measuring Devices,04,190702,19070204,10000,,3,7
cls_19070301,19,معدات المختبرات والأجهزة,Laboratory and instrumentation equipment,07,معدات ميكانيكا السوائل المختبرية,Laboratory Fluid Mechanics Equipment,03,أنفاق الرياح,Wind tunnels,01,190703,19070301,10000,,7,12
cls_19070304,19,معدات المختبرات والأجهزة,Laboratory and instrumentation equipment,07,معدات ميكانيكا السوائل المختبرية,Laboratory Fluid Mechanics Equipment,03,أنفاق الرياح,Wind tunnels,04,190703,19070304,10000,,7,12
cls_19080101,19,معدات المختبرات والأجهزة,Laboratory and instrumentation equipment,08,معدات التسخين والتبريد والتجفيف المخبرية,"Laboratory Heating, Cooling & Drying Equipment",01,معدات التبريد مختبرية,Laboratory Cooling Equipment,01,190801,19080101,10000,,12,15
cls_19080104,19,معدات المختبرات والأجهزة,Laboratory and instrumentation equipment,08,معدات التسخين والتبريد والتجفيف المخبرية,"Laboratory Heating, Cooling & Drying Equipment",01,معدات التبريد مختبرية,Laboratory Cooling Equipment,04,190801,19080104,10000,,12,15
cls_19080201,19,معدات المختبرات والأجهزة,Laboratory and instrumentation equipment,08,معدات التسخين والتبريد والتجفيف المخبرية,"Laboratory Heating, Cooling & Drying Equipment",02,مجففات التجميد المخبرية وأجهزة التجفيف بالتجميد,Laboratory Freeze Dryers And Lyophilizers,01,190802,19080201,10000,,7,12
cls_19080204,19,معدات المختبرات والأجهزة,Laboratory and instrumentation equipment,08,معدات التسخين والتبريد والتجفيف المخبرية,"Laboratory Heating, Cooling & Drying Equipment",02,مجففات التجميد المخبرية وأجهزة التجفيف بالتجميد,Laboratory Freeze Dryers And Lyophilizers,04,190802,19080204,10000,,7,12
cls_19080301,19,معدات المختبرات والأجهزة,Laboratory and instrumentation equipment,08,معدات التسخين والتبريد والتجفيف المخبرية,"Laboratory Heating, Cooling & Drying Equipment",03,أفران المختبر,Laboratory Furnaces & Ovens,01,190803,19080301,10000,,12,15
cls_19080304,19,معدات المختبرات والأجهزة,Laboratory and instrumentation equipment,08,معدات التسخين والتبريد والتجفيف المخبرية,"Laboratory Heating, Cooling & Drying Equipment",03,أفران المختبر,Laboratory Furnaces & Ovens,04,190803,19080304,10000,,12,15
cls_19080401,19,معدات المختبرات والأجهزة,Laboratory and instrumentation equipment,08,معدات التسخين والتبريد والتجفيف المخبرية,"Laboratory Heating, Cooling & Drying Equipment",04,معدات تدفئة وتجفيف مختبرية,Laboratory Heating And Drying Equipment,01,190804,19080401,10000,,12,15
cls_19080404,19,معدات المختبرات والأجهزة,Laboratory and instrumentation equipment,08,معدات التسخين والتبريد والتجفيف المخبرية,"Laboratory Heating, Cooling & Drying Equipment",04,معدات تدفئة وتجفيف مختبرية,Laboratory Heating And Drying Equipment,04,190804,19080404,10000,,12,15
cls_19090101,19,معدات المختبرات والأجهزة,Laboratory and instrumentation equipment,09,معدات مختبر الأنسجة,Laboratory Histology Equipment,01,معدات علم الأنسجة,Histology Equipment,01,190901,19090101,10000,,3,7
cls_19090104,19,معدات المختبرات والأجهزة,Laboratory and instrumentation equipment,09,معدات مختبر الأنسجة,Laboratory Histology Equipment,01,معدات علم الأنسجة,Histology Equipment,04,190901,19090104,10000,,3,7
cls_19100101,19,معدات المختبرات والأجهزة,Laboratory and instrumentation equipment,10,معدات ضخ المختبر,Laboratory Pumping Equipment,01,مضخات المختبر,Laboratory Pumps,01,191001,19100101,10000,,12,15
cls_19100104,19,معدات المختبرات والأجهزة,Laboratory and instrumentation equipment,10,معدات ضخ المختبر,Laboratory Pumping Equipment,01,مضخات المختبر,Laboratory Pumps,04,191001,19100104,10000,,12,15
cls_19110101,19,معدات المختبرات والأجهزة,Laboratory and instrumentation equipment,11,معدات وأدوات خدمة المختبر,Laboratory Service Equipment & Tools,01,معدات تخمير,Fermentation Equipment,01,191101,19110101,10000,,7,12
cls_19110104,19,معدات المختبرات والأجهزة,Laboratory and instrumentation equipment,11,معدات وأدوات خدمة المختبر,Laboratory Service Equipment & Tools,01,معدات تخمير,Fermentation Equipment,04,191101,19110104,10000,,7,12
cls_19110201,19,معدات المختبرات والأجهزة,Laboratory and instrumentation equipment,11,معدات وأدوات خدمة المختبر,Laboratory Service Equipment & Tools,02,حمامات المختبر,Laboratory Baths,01,191102,19110201,10000,,12,15
cls_19110204,19,معدات المختبرات والأجهزة,Laboratory and instrumentation equipment,11,معدات وأدوات خدمة المختبر,Laboratory Service Equipment & Tools,02,حمامات المختبر,Laboratory Baths,04,191102,19110204,10000,,12,15
cls_19110301,19,معدات المختبرات والأجهزة,Laboratory and instrumentation equipment,11,معدات وأدوات خدمة المختبر,Laboratory Service Equipment & Tools,03,حاويات المختبر,Laboratory Enclosures,01,191103,19110301,10000,,7,12
cls_19110304,19,معدات المختبرات والأجهزة,Laboratory and instrumentation equipment,11,معدات وأدوات خدمة المختبر,Laboratory Service Equipment & Tools,03,حاويات المختبر,Laboratory Enclosures,04,191103,19110304,10000,,7,12
cls_19110401,19,معدات المختبرات والأجهزة,Laboratory and instrumentation equipment,11,معدات وأدوات خدمة المختبر,Laboratory Service Equipment & Tools,04,معدات احتضان المختبر,Laboratory Incubating Equipment,01,191104,19110401,10000,,7,12
cls_19110404,19,معدات المختبرات والأجهزة,Laboratory and instrumentation equipment,11,معدات وأدوات خدمة المختبر,Laboratory Service Equipment & Tools,04,معدات احتضان المختبر,Laboratory Incubating Equipment,04,191104,19110404,10000,,7,12
cls_19110501,19,معدات المختبرات والأجهزة,Laboratory and instrumentation equipment,11,معدات وأدوات خدمة المختبر,Laboratory Service Equipment & Tools,05,معدات المختبر الأيونية,Laboratory Ionic Equipment,01,191105,19110501,10000,,12,15
cls_19110504,19,معدات المختبرات والأجهزة,Laboratory and instrumentation equipment,11,معدات وأدوات خدمة المختبر,Laboratory Service Equipment & Tools,05,معدات المختبر الأيونية,Laboratory Ionic Equipment,04,191105,19110504,10000,,12,15
cls_19110601,19,معدات المختبرات والأجهزة,Laboratory and instrumentation equipment,11,معدات وأدوات خدمة المختبر,Laboratory Service Equipment & Tools,06,المناخل المعملية وأدوات الغربلة,Laboratory Sieves and Sifting Tools,01,191106,19110601,10000,,12,15
cls_19110604,19,معدات المختبرات والأجهزة,Laboratory and instrumentation equipment,11,معدات وأدوات خدمة المختبر,Laboratory Service Equipment & Tools,06,المناخل المعملية وأدوات الغربلة,Laboratory Sieves and Sifting Tools,04,191106,19110604,10000,,12,15
cls_19110701,19,معدات المختبرات والأجهزة,Laboratory and instrumentation equipment,11,معدات وأدوات خدمة المختبر,Laboratory Service Equipment & Tools,07,معدات شرائح صبغ مختبرية,Laboratory Slide Stainer Equipment,01,191107,19110701,10000,,7,12
cls_19110704,19,معدات المختبرات والأجهزة,Laboratory and instrumentation equipment,11,معدات وأدوات خدمة المختبر,Laboratory Service Equipment & Tools,07,معدات شرائح صبغ مختبرية,Laboratory Slide Stainer Equipment,04,191107,19110704,10000,,7,12
cls_19110801,19,معدات المختبرات والأجهزة,Laboratory and instrumentation equipment,11,معدات وأدوات خدمة المختبر,Laboratory Service Equipment & Tools,08,معدات غسيل وتنظيف المختبر,Laboratory Washing and Cleaning Equipment,01,191108,19110801,10000,,7,12
cls_19110804,19,معدات المختبرات والأجهزة,Laboratory and instrumentation equipment,11,معدات وأدوات خدمة المختبر,Laboratory Service Equipment & Tools,08,معدات غسيل وتنظيف المختبر,Laboratory Washing and Cleaning Equipment,04,191108,19110804,10000,,7,12
cls_19110901,19,معدات المختبرات والأجهزة,Laboratory and instrumentation equipment,11,معدات وأدوات خدمة المختبر,Laboratory Service Equipment & Tools,09,معدات أخذ العينات,Sampling Equipment,01,191109,19110901,10000,,7,12
cls_19110904,19,معدات المختبرات والأجهزة,Laboratory and instrumentation equipment,11,معدات وأدوات خدمة المختبر,Laboratory Service Equipment & Tools,09,معدات أخذ العينات,Sampling Equipment,04,191109,19110904,10000,,7,12
cls_19120101,19,معدات المختبرات والأجهزة,Laboratory and instrumentation equipment,12,أدوات القياس والمراقبة والاختبار,Measuring and Observing and Testing Instruments,01,أدوات فحص الزجاج والخزف,Ceramics And Glass Testing Instruments,01,191201,19120101,10000,,12,15
cls_19120104,19,معدات المختبرات والأجهزة,Laboratory and instrumentation equipment,12,أدوات القياس والمراقبة والاختبار,Measuring and Observing and Testing Instruments,01,أدوات فحص الزجاج والخزف,Ceramics And Glass Testing Instruments,04,191201,19120104,10000,,12,15
cls_19120201,19,معدات المختبرات والأجهزة,Laboratory and instrumentation equipment,12,أدوات القياس والمراقبة والاختبار,Measuring and Observing and Testing Instruments,02,أدوات التقييم الكيميائية,Chemical Evaluation Instruments,01,191202,19120201,10000,,7,12
cls_19120204,19,معدات المختبرات والأجهزة,Laboratory and instrumentation equipment,12,أدوات القياس والمراقبة والاختبار,Measuring and Observing and Testing Instruments,02,أدوات التقييم الكيميائية,Chemical Evaluation Instruments,04,191202,19120204,10000,,7,12
cls_19120301,19,معدات المختبرات والأجهزة,Laboratory and instrumentation equipment,12,أدوات القياس والمراقبة والاختبار,Measuring and Observing and Testing Instruments,03,أدوات قياس الكروماتوغرافي,Chromatographic Measuring Instruments,01,191203,19120301,10000,,12,15
cls_19120304,19,معدات المختبرات والأجهزة,Laboratory and instrumentation equipment,12,أدوات القياس والمراقبة والاختبار,Measuring and Observing and Testing Instruments,03,أدوات قياس الكروماتوغرافي,Chromatographic Measuring Instruments,04,191203,19120304,10000,,12,15
cls_19120401,19,معدات المختبرات والأجهزة,Laboratory and instrumentation equipment,12,أدوات القياس والمراقبة والاختبار,Measuring and Observing and Testing Instruments,04,محلل سريري وتشخيصي,Clinical & Diagnostic Analyzer,01,191204,19120401,10000,,7,12
cls_19120404,19,معدات المختبرات والأجهزة,Laboratory and instrumentation equipment,12,أدوات القياس والمراقبة والاختبار,Measuring and Observing and Testing Instruments,04,محلل سريري وتشخيصي,Clinical & Diagnostic Analyzer,04,191204,19120404,10000,,7,12
cls_19120501,19,معدات المختبرات والأجهزة,Laboratory and instrumentation equipment,12,أدوات القياس والمراقبة والاختبار,Measuring and Observing and Testing Instruments,05,أدوات فحص الخام والفحم الحجري,Coal And Ore Testing Instruments,01,191205,19120501,10000,,7,12
cls_19120504,19,معدات المختبرات والأجهزة,Laboratory and instrumentation equipment,12,أدوات القياس والمراقبة والاختبار,Measuring and Observing and Testing Instruments,05,أدوات فحص الخام والفحم الحجري,Coal And Ore Testing Instruments,04,191205,19120504,10000,,7,12
cls_19120601,19,معدات المختبرات والأجهزة,Laboratory and instrumentation equipment,12,أدوات القياس والمراقبة والاختبار,Measuring and Observing and Testing Instruments,06,معدات قياس الكهربائية,Electrical Measuring Equipment,01,191206,19120601,10000,,12,15
cls_19120604,19,معدات المختبرات والأجهزة,Laboratory and instrumentation equipment,12,أدوات القياس والمراقبة والاختبار,Measuring and Observing and Testing Instruments,06,معدات قياس الكهربائية,Electrical Measuring Equipment,04,191206,19120604,10000,,12,15
cls_19120701,19,معدات المختبرات والأجهزة,Laboratory and instrumentation equipment,12,أدوات القياس والمراقبة والاختبار,Measuring and Observing and Testing Instruments,07,اختبار المعدات الكهربائية,Electrical Testing Equipment,01,191207,19120701,10000,,7,12
cls_19120704,19,معدات المختبرات والأجهزة,Laboratory and instrumentation equipment,12,أدوات القياس والمراقبة والاختبار,Measuring and Observing and Testing Instruments,07,اختبار المعدات الكهربائية,Electrical Testing Equipment,04,191207,19120704,10000,,7,12
cls_19120801,19,معدات المختبرات والأجهزة,Laboratory and instrumentation equipment,12,أدوات القياس والمراقبة والاختبار,Measuring and Observing and Testing Instruments,08,أدوات القياس الكهروكيميائية,Electrochemical Measuring Instruments,01,191208,19120801,10000,,7,12
cls_19120804,19,معدات المختبرات والأجهزة,Laboratory and instrumentation equipment,12,أدوات القياس والمراقبة والاختبار,Measuring and Observing and Testing Instruments,08,أدوات القياس الكهروكيميائية,Electrochemical Measuring Instruments,04,191208,19120804,10000,,7,12
cls_19120901,19,معدات المختبرات والأجهزة,Laboratory and instrumentation equipment,12,أدوات القياس والمراقبة والاختبار,Measuring and Observing and Testing Instruments,09,أجهزة تحليل الغاز والشاشات,Gas Analyzers And Monitors,01,191209,19120901,10000,,7,12
cls_19120904,19,معدات المختبرات والأجهزة,Laboratory and instrumentation equipment,12,أدوات القياس والمراقبة والاختبار,Measuring and Observing and Testing Instruments,09,أجهزة تحليل الغاز والشاشات,Gas Analyzers And Monitors,04,191209,19120904,10000,,7,12
cls_19121001,19,معدات المختبرات والأجهزة,Laboratory and instrumentation equipment,12,أدوات القياس والمراقبة والاختبار,Measuring and Observing and Testing Instruments,10,الآلات الجيوفيزيائية والجيوتقنية,Geophysical And Geotechnical Instruments,01,191210,19121001,10000,,7,12
cls_19121004,19,معدات المختبرات والأجهزة,Laboratory and instrumentation equipment,12,أدوات القياس والمراقبة والاختبار,Measuring and Observing and Testing Instruments,10,الآلات الجيوفيزيائية والجيوتقنية,Geophysical And Geotechnical Instruments,04,191210,19121004,10000,,7,12
cls_19121101,19,معدات المختبرات والأجهزة,Laboratory and instrumentation equipment,12,أدوات القياس والمراقبة والاختبار,Measuring and Observing and Testing Instruments,11,أدوات قياس الرطوبة والنداوة,Humidity And Moisture Measuring Instruments,01,191211,19121101,10000,,7,12
cls_19121104,19,معدات المختبرات والأجهزة,Laboratory and instrumentation equipment,12,أدوات القياس والمراقبة والاختبار,Measuring and Observing and Testing Instruments,11,أدوات قياس الرطوبة والنداوة,Humidity And Moisture Measuring Instruments,04,191211,19121104,10000,,7,12
cls_19121201,19,معدات المختبرات والأجهزة,Laboratory and instrumentation equipment,12,أدوات القياس والمراقبة والاختبار,Measuring and Observing and Testing Instruments,12,الآلات الهيدرولوجية,Hydrological Instruments,01,191212,19121201,10000,,7,12
cls_19121204,19,معدات المختبرات والأجهزة,Laboratory and instrumentation equipment,12,أدوات القياس والمراقبة والاختبار,Measuring and Observing and Testing Instruments,12,الآلات الهيدرولوجية,Hydrological Instruments,04,191212,19121204,10000,,7,12
cls_19121301,19,معدات المختبرات والأجهزة,Laboratory and instrumentation equipment,12,أدوات القياس والمراقبة والاختبار,Measuring and Observing and Testing Instruments,13,أجهزة اختبار نقطة الوميض المخبرية,Laboratory Flash Point Testers,01,191213,19121301,10000,,7,12
cls_19121304,19,معدات المختبرات والأجهزة,Laboratory and instrumentation equipment,12,أدوات القياس والمراقبة والاختبار,Measuring and Observing and Testing Instruments,13,أجهزة اختبار نقطة الوميض المخبرية,Laboratory Flash Point Testers,04,191213,19121304,10000,,7,12
cls_19121401,19,معدات المختبرات والأجهزة,Laboratory and instrumentation equipment,12,أدوات القياس والمراقبة والاختبار,Measuring and Observing and Testing Instruments,14,معدات اختبار البذور والأعلاف المختبرية,Laboratory Seed And Feed Testing Equipment,01,191214,19121401,10000,,7,12
cls_19121404,19,معدات المختبرات والأجهزة,Laboratory and instrumentation equipment,12,أدوات القياس والمراقبة والاختبار,Measuring and Observing and Testing Instruments,14,معدات اختبار البذور والأعلاف المختبرية,Laboratory Seed And Feed Testing Equipment,04,191214,19121404,10000,,7,12
cls_19121501,19,معدات المختبرات والأجهزة,Laboratory and instrumentation equipment,12,أدوات القياس والمراقبة والاختبار,Measuring and Observing and Testing Instruments,15,أجهزة مسح الأراضي,Land Surveying Instruments,01,191215,19121501,10000,,3,7
cls_19121504,19,معدات المختبرات والأجهزة,Laboratory and instrumentation equipment,12,أدوات القياس والمراقبة والاختبار,Measuring and Observing and Testing Instruments,15,أجهزة مسح الأراضي,Land Surveying Instruments,04,191215,19121504,10000,,3,7
cls_19121601,19,معدات المختبرات والأجهزة,Laboratory and instrumentation equipment,12,أدوات القياس والمراقبة والاختبار,Measuring and Observing and Testing Instruments,16,أجهزة قياس الطول والسمك والمسافة,"Length, Thickness & Distance Measuring Instruments",01,191216,19121601,10000,,3,7
cls_19121604,19,معدات المختبرات والأجهزة,Laboratory and instrumentation equipment,12,أدوات القياس والمراقبة والاختبار,Measuring and Observing and Testing Instruments,16,أجهزة قياس الطول والسمك والمسافة,"Length, Thickness & Distance Measuring Instruments",04,191216,19121604,10000,,3,7
cls_19121701,19,معدات المختبرات والأجهزة,Laboratory and instrumentation equipment,12,أدوات القياس والمراقبة والاختبار,Measuring and Observing and Testing Instruments,17,أجهزة قياس ومراقبة تدفق السائل والغاز,Liquid And Gas Flow Measuring And Observing Instruments,01,191217,19121701,10000,,7,12
cls_19121704,19,معدات المختبرات والأجهزة,Laboratory and instrumentation equipment,12,أدوات القياس والمراقبة والاختبار,Measuring and Observing and Testing Instruments,17,أجهزة قياس ومراقبة تدفق السائل والغاز,Liquid And Gas Flow Measuring And Observing Instruments,04,191217,19121704,10000,,7,12
cls_19121801,19,معدات المختبرات والأجهزة,Laboratory and instrumentation equipment,12,أدوات القياس والمراقبة والاختبار,Measuring and Observing and Testing Instruments,18,أجهزة التحليل السائلة والصلبة والعناصر,Liquid And Solid And Elemental Analyzers,01,191218,19121801,10000,,3,7
cls_19121804,19,معدات المختبرات والأجهزة,Laboratory and instrumentation equipment,12,أدوات القياس والمراقبة والاختبار,Measuring and Observing and Testing Instruments,18,أجهزة التحليل السائلة والصلبة والعناصر,Liquid And Solid And Elemental Analyzers,04,191218,19121804,10000,,3,7
cls_19121901,19,معدات المختبرات والأجهزة,Laboratory and instrumentation equipment,12,أدوات القياس والمراقبة والاختبار,Measuring and Observing and Testing Instruments,19,معدات الاختبار والقياس الميكانيكية,Mechanical Machinery Testing & Measuring Equipment,01,191219,19121901,10000,,7,12
cls_19121904,19,معدات المختبرات والأجهزة,Laboratory and instrumentation equipment,12,أدوات القياس والمراقبة والاختبار,Measuring and Observing and Testing Instruments,19,معدات الاختبار والقياس الميكانيكية,Mechanical Machinery Testing & Measuring Equipment,04,191219,19121904,10000,,7,12
cls_19122001,19,معدات المختبرات والأجهزة,Laboratory and instrumentation equipment,12,أدوات القياس والمراقبة والاختبار,Measuring and Observing and Testing Instruments,20,أدوات اختبار المعادن والفلزات والمواد الإنشائية,"Metals, Metallurgy & Structural Materials Testing Instruments",01,191220,19122001,10000,,12,15
cls_19122004,19,معدات المختبرات والأجهزة,Laboratory and instrumentation equipment,12,أدوات القياس والمراقبة والاختبار,Measuring and Observing and Testing Instruments,20,أدوات اختبار المعادن والفلزات والمواد الإنشائية,"Metals, Metallurgy & Structural Materials Testing Instruments",04,191220,19122004,10000,,12,15
cls_19122101,19,معدات المختبرات والأجهزة,Laboratory and instrumentation equipment,12,أدوات القياس والمراقبة والاختبار,Measuring and Observing and Testing Instruments,21,أدوات الأرصاد الجوية,Meteorological Instruments,01,191221,19122101,10000,,7,12
cls_19122104,19,معدات المختبرات والأجهزة,Laboratory and instrumentation equipment,12,أدوات القياس والمراقبة والاختبار,Measuring and Observing and Testing Instruments,21,أدوات الأرصاد الجوية,Meteorological Instruments,04,191221,19122104,10000,,7,12
cls_19122201,19,معدات المختبرات والأجهزة,Laboratory and instrumentation equipment,12,أدوات القياس والمراقبة والاختبار,Measuring and Observing and Testing Instruments,22,المجاهر,Microscopes,01,191222,19122201,10000,,7,12
cls_19122204,19,معدات المختبرات والأجهزة,Laboratory and instrumentation equipment,12,أدوات القياس والمراقبة والاختبار,Measuring and Observing and Testing Instruments,22,المجاهر,Microscopes,04,191222,19122204,10000,,7,12
cls_19122301,19,معدات المختبرات والأجهزة,Laboratory and instrumentation equipment,12,أدوات القياس والمراقبة والاختبار,Measuring and Observing and Testing Instruments,23,أجهزة ومعدات ملاحية,Navigational Equipment And Instruments,01,191223,19122301,10000,,7,12
cls_19122304,19,معدات المختبرات والأجهزة,Laboratory and instrumentation equipment,12,أدوات القياس والمراقبة والاختبار,Measuring and Observing and Testing Instruments,23,أجهزة ومعدات ملاحية,Navigational Equipment And Instruments,04,191223,19122304,10000,,7,12
cls_19122401,19,معدات المختبرات والأجهزة,Laboratory and instrumentation equipment,12,أدوات القياس والمراقبة والاختبار,Measuring and Observing and Testing Instruments,24,أدوات تقييم نووية,Nuclear Evaluation Instruments,01,191224,19122401,10000,,7,12
cls_19122404,19,معدات المختبرات والأجهزة,Laboratory and instrumentation equipment,12,أدوات القياس والمراقبة والاختبار,Measuring and Observing and Testing Instruments,24,أدوات تقييم نووية,Nuclear Evaluation Instruments,04,191224,19122404,10000,,7,12
cls_19122501,19,معدات المختبرات والأجهزة,Laboratory and instrumentation equipment,12,أدوات القياس والمراقبة والاختبار,Measuring and Observing and Testing Instruments,25,أدوات فحص النسيج والخشب والورق,Paper And Wood And Textile Testing Instruments,01,191225,19122501,10000,,7,12
cls_19122504,19,معدات المختبرات والأجهزة,Laboratory and instrumentation equipment,12,أدوات القياس والمراقبة والاختبار,Measuring and Observing and Testing Instruments,25,أدوات فحص النسيج والخشب والورق,Paper And Wood And Textile Testing Instruments,04,191225,19122504,10000,,7,12
cls_19122601,19,معدات المختبرات والأجهزة,Laboratory and instrumentation equipment,12,أدوات القياس والمراقبة والاختبار,Measuring and Observing and Testing Instruments,26,معدات اختبار نقطة رعاية المريض,Patient Point Of Care Testing Equipment,01,191226,19122601,10000,,7,12
cls_19122604,19,معدات المختبرات والأجهزة,Laboratory and instrumentation equipment,12,أدوات القياس والمراقبة والاختبار,Measuring and Observing and Testing Instruments,26,معدات اختبار نقطة رعاية المريض,Patient Point Of Care Testing Equipment,04,191226,19122604,10000,,7,12
cls_19122701,19,معدات المختبرات والأجهزة,Laboratory and instrumentation equipment,12,أدوات القياس والمراقبة والاختبار,Measuring and Observing and Testing Instruments,27,أدوات قياس والتحكم بالضغط,Pressure Measuring And Control Instruments,01,191227,19122701,10000,,3,7
cls_19122704,19,معدات المختبرات والأجهزة,Laboratory and instrumentation equipment,12,أدوات القياس والمراقبة والاختبار,Measuring and Observing and Testing Instruments,27,أدوات قياس والتحكم بالضغط,Pressure Measuring And Control Instruments,04,191227,19122704,10000,,3,7
cls_19122801,19,معدات المختبرات والأجهزة,Laboratory and instrumentation equipment,12,أدوات القياس والمراقبة والاختبار,Measuring and Observing and Testing Instruments,28,معدات قياس الصخور وطبقات التربة,"Rock, Strata & Soil Measuring Equipment",01,191228,19122801,10000,,7,12
cls_19122804,19,معدات المختبرات والأجهزة,Laboratory and instrumentation equipment,12,أدوات القياس والمراقبة والاختبار,Measuring and Observing and Testing Instruments,28,معدات قياس الصخور وطبقات التربة,"Rock, Strata & Soil Measuring Equipment",04,191228,19122804,10000,,7,12
cls_19122901,19,معدات المختبرات والأجهزة,Laboratory and instrumentation equipment,12,أدوات القياس والمراقبة والاختبار,Measuring and Observing and Testing Instruments,29,أدوات قياس الزلازل,Seismological Instruments,01,191229,19122901,10000,,7,12
cls_19122904,19,معدات المختبرات والأجهزة,Laboratory and instrumentation equipment,12,أدوات القياس والمراقبة والاختبار,Measuring and Observing and Testing Instruments,29,أدوات قياس الزلازل,Seismological Instruments,04,191229,19122904,10000,,7,12
cls_19123001,19,معدات المختبرات والأجهزة,Laboratory and instrumentation equipment,12,أدوات القياس والمراقبة والاختبار,Measuring and Observing and Testing Instruments,30,أجهزة الاستشعار وأجهزة البيان والتسجيل,"Sensors, Indicating & Recording Instruments",01,191230,19123001,10000,,12,15
cls_19123004,19,معدات المختبرات والأجهزة,Laboratory and instrumentation equipment,12,أدوات القياس والمراقبة والاختبار,Measuring and Observing and Testing Instruments,30,أجهزة الاستشعار وأجهزة البيان والتسجيل,"Sensors, Indicating & Recording Instruments",04,191230,19123004,10000,,12,15
cls_19123101,19,معدات المختبرات والأجهزة,Laboratory and instrumentation equipment,12,أدوات القياس والمراقبة والاختبار,Measuring and Observing and Testing Instruments,31,معدات تحليل طيفي,Spectroscopic Equipment,01,191231,19123101,10000,,7,12
cls_19123104,19,معدات المختبرات والأجهزة,Laboratory and instrumentation equipment,12,أدوات القياس والمراقبة والاختبار,Measuring and Observing and Testing Instruments,31,معدات تحليل طيفي,Spectroscopic Equipment,04,191231,19123104,10000,,7,12
cls_19123201,19,معدات المختبرات والأجهزة,Laboratory and instrumentation equipment,12,أدوات القياس والمراقبة والاختبار,Measuring and Observing and Testing Instruments,32,أدوات قياس درجة الحرارة والحرارة,Temperature And Heat Measuring Instruments,01,191232,19123201,10000,,3,7
cls_19123204,19,معدات المختبرات والأجهزة,Laboratory and instrumentation equipment,12,أدوات القياس والمراقبة والاختبار,Measuring and Observing and Testing Instruments,32,أدوات قياس درجة الحرارة والحرارة,Temperature And Heat Measuring Instruments,04,191232,19123204,10000,,3,7
cls_19123301,19,معدات المختبرات والأجهزة,Laboratory and instrumentation equipment,12,أدوات القياس والمراقبة والاختبار,Measuring and Observing and Testing Instruments,33,محولات الطاقة,Transducers,01,191233,19123301,,,,
cls_19123304,19,معدات المختبرات والأجهزة,Laboratory and instrumentation equipment,12,أدوات القياس والمراقبة والاختبار,Measuring and Observing and Testing Instruments,33,محولات الطاقة,Transducers,04,191233,19123304,,,,
cls_19123401,19,معدات المختبرات والأجهزة,Laboratory and instrumentation equipment,12,أدوات القياس والمراقبة والاختبار,Measuring and Observing and Testing Instruments,34,أجهزة وأدوات ذات صلة بالنقل,Transportation Related Equipment And Instruments,01,191234,19123401,10000,,7,12
cls_19123404,19,معدات المختبرات والأجهزة,Laboratory and instrumentation equipment,12,أدوات القياس والمراقبة والاختبار,Measuring and Observing and Testing Instruments,34,أجهزة وأدوات ذات صلة بالنقل,Transportation Related Equipment And Instruments,04,191234,19123404,10000,,7,12
cls_19123501,19,معدات المختبرات والأجهزة,Laboratory and instrumentation equipment,12,أدوات القياس والمراقبة والاختبار,Measuring and Observing and Testing Instruments,35,أدوات قياس الوزن,Weight Measuring Instruments,01,191235,19123501,10000,,3,7
cls_19123504,19,معدات المختبرات والأجهزة,Laboratory and instrumentation equipment,12,أدوات القياس والمراقبة والاختبار,Measuring and Observing and Testing Instruments,35,أدوات قياس الوزن,Weight Measuring Instruments,04,191235,19123504,10000,,3,7
cls_20010101,20,الآلات والمعدات الأخرى,Other Machinery and Equipment,01,الآلات الزراعية,Agricultural Machinery,01,آلات زراعية للتصنيف والفرز والتنظيف,Agricultural Machinery For Cleaning And Sorting And Grading,01,200101,20010101,10000,,12,20
cls_20010104,20,الآلات والمعدات الأخرى,Other Machinery and Equipment,01,الآلات الزراعية,Agricultural Machinery,01,آلات زراعية للتصنيف والفرز والتنظيف,Agricultural Machinery For Cleaning And Sorting And Grading,04,200101,20010104,10000,,12,20
cls_20010201,20,الآلات والمعدات الأخرى,Other Machinery and Equipment,01,الآلات الزراعية,Agricultural Machinery,02,آلات زراعية للحصاد,Agricultural Machinery For Harvesting,01,200102,20010201,10000,,12,20
cls_20010204,20,الآلات والمعدات الأخرى,Other Machinery and Equipment,01,الآلات الزراعية,Agricultural Machinery,02,آلات زراعية للحصاد,Agricultural Machinery For Harvesting,04,200102,20010204,10000,,12,20
cls_20010301,20,الآلات والمعدات الأخرى,Other Machinery and Equipment,01,الآلات الزراعية,Agricultural Machinery,03,آلات زراعية للزراعة والبذر,Agricultural Machinery For Planting And Seeding,01,200103,20010301,10000,,10,15
cls_20010304,20,الآلات والمعدات الأخرى,Other Machinery and Equipment,01,الآلات الزراعية,Agricultural Machinery,03,آلات زراعية للزراعة والبذر,Agricultural Machinery For Planting And Seeding,04,200103,20010304,10000,,10,15
cls_20010401,20,الآلات والمعدات الأخرى,Other Machinery and Equipment,01,الآلات الزراعية,Agricultural Machinery,04,آلات زراعية لتجهيز التربة,Agricultural Machinery For Soil Preparation,01,200104,20010401,10000,,12,20
cls_20010404,20,الآلات والمعدات الأخرى,Other Machinery and Equipment,01,الآلات الزراعية,Agricultural Machinery,04,آلات زراعية لتجهيز التربة,Agricultural Machinery For Soil Preparation,04,200104,20010404,10000,,12,20
cls_20010501,20,الآلات والمعدات الأخرى,Other Machinery and Equipment,01,الآلات الزراعية,Agricultural Machinery,05,آلات ومعدات معالجة زراعية,Agricultural Processing Machinery And Equipment,01,200105,20010501,10000,,12,20
cls_20010504,20,الآلات والمعدات الأخرى,Other Machinery and Equipment,01,الآلات الزراعية,Agricultural Machinery,05,آلات ومعدات معالجة زراعية,Agricultural Processing Machinery And Equipment,04,200105,20010504,10000,,12,20
cls_20010601,20,الآلات والمعدات الأخرى,Other Machinery and Equipment,01,الآلات الزراعية,Agricultural Machinery,06,أجهزة نثر ورش زراعية,Dispersing And Spraying Appliances For Agriculture,01,200106,20010601,10000,,12,20
cls_20010604,20,الآلات والمعدات الأخرى,Other Machinery and Equipment,01,الآلات الزراعية,Agricultural Machinery,06,أجهزة نثر ورش زراعية,Dispersing And Spraying Appliances For Agriculture,04,200106,20010604,10000,,12,20
cls_20010701,20,الآلات والمعدات الأخرى,Other Machinery and Equipment,01,الآلات الزراعية,Agricultural Machinery,07,آلات ومعدات غابات,Forestry Machinery And Equipment,01,200107,20010701,10000,,12,20
cls_20010704,20,الآلات والمعدات الأخرى,Other Machinery and Equipment,01,الآلات الزراعية,Agricultural Machinery,07,آلات ومعدات غابات,Forestry Machinery And Equipment,04,200107,20010704,10000,,12,20
cls_20010801,20,الآلات والمعدات الأخرى,Other Machinery and Equipment,01,الآلات الزراعية,Agricultural Machinery,08,معدات الدفيئات الزراعية,Greenhouse Equipment,01,200108,20010801,10000,,12,20
cls_20010804,20,الآلات والمعدات الأخرى,Other Machinery and Equipment,01,الآلات الزراعية,Agricultural Machinery,08,معدات الدفيئات الزراعية,Greenhouse Equipment,04,200108,20010804,10000,,12,20
cls_20010901,20,الآلات والمعدات الأخرى,Other Machinery and Equipment,01,الآلات الزراعية,Agricultural Machinery,09,معدات الحشرات,Insect Equipment,01,200109,20010901,10000,,7,12
cls_20010904,20,الآلات والمعدات الأخرى,Other Machinery and Equipment,01,الآلات الزراعية,Agricultural Machinery,09,معدات الحشرات,Insect Equipment,04,200109,20010904,10000,,7,12
cls_20011001,20,الآلات والمعدات الأخرى,Other Machinery and Equipment,01,الآلات الزراعية,Agricultural Machinery,10,أنظمة ومعدات الري,Irrigation Systems And Equipment,01,200110,20011001,10000,,15,25
cls_20011004,20,الآلات والمعدات الأخرى,Other Machinery and Equipment,01,الآلات الزراعية,Agricultural Machinery,10,أنظمة ومعدات الري,Irrigation Systems And Equipment,04,200110,20011004,10000,,15,25
cls_20020101,20,الآلات والمعدات الأخرى,Other Machinery and Equipment,02,الحاويات والتخزين,Containers and Storage,01,الخزانات المضغوطة,Adsorption & Ion Exchange Vessels,01,200201,20020101,10000,,7,12
cls_20020104,20,الآلات والمعدات الأخرى,Other Machinery and Equipment,02,الحاويات والتخزين,Containers and Storage,01,الخزانات المضغوطة,Adsorption & Ion Exchange Vessels,04,200201,20020104,10000,,7,12
cls_20020201,20,الآلات والمعدات الأخرى,Other Machinery and Equipment,02,الحاويات والتخزين,Containers and Storage,02,حاويات شحن,Freight Containers,01,200202,20020201,10000,,12,20
cls_20020204,20,الآلات والمعدات الأخرى,Other Machinery and Equipment,02,الحاويات والتخزين,Containers and Storage,02,حاويات شحن,Freight Containers,04,200202,20020204,10000,,12,20
cls_20020301,20,الآلات والمعدات الأخرى,Other Machinery and Equipment,02,الحاويات والتخزين,Containers and Storage,03,خزانات إسمنتية,Reservoirs & Concrete Tanks,01,200203,20020301,10000,,40,50
cls_20020304,20,الآلات والمعدات الأخرى,Other Machinery and Equipment,02,الحاويات والتخزين,Containers and Storage,03,خزانات إسمنتية,Reservoirs & Concrete Tanks,04,200203,20020304,10000,,40,50
cls_20020401,20,الآلات والمعدات الأخرى,Other Machinery and Equipment,02,الحاويات والتخزين,Containers and Storage,04,صناديق وكبائن وحقائب تخزين,Storage Chests & Trunks,01,200204,20020401,10000,,7,12
cls_20020404,20,الآلات والمعدات الأخرى,Other Machinery and Equipment,02,الحاويات والتخزين,Containers and Storage,04,صناديق وكبائن وحقائب تخزين,Storage Chests & Trunks,04,200204,20020404,10000,,7,12
cls_20020501,20,الآلات والمعدات الأخرى,Other Machinery and Equipment,02,الحاويات والتخزين,Containers and Storage,05,صهاريج,Tanks,01,200205,20020501,10000,,10,15
cls_20020504,20,الآلات والمعدات الأخرى,Other Machinery and Equipment,02,الحاويات والتخزين,Containers and Storage,05,صهاريج,Tanks,04,200205,20020504,10000,,10,15
cls_20030101,20,الآلات والمعدات الأخرى,Other Machinery and Equipment,03,معدات صيد السمك وتربية الأحياء المائية,Fishing and Aquaculture Equipment,01,معدات الزراعة المائية,Aquaculture Equipment,01,200301,20030101,10000,,3,7
cls_20030104,20,الآلات والمعدات الأخرى,Other Machinery and Equipment,03,معدات صيد السمك وتربية الأحياء المائية,Fishing and Aquaculture Equipment,01,معدات الزراعة المائية,Aquaculture Equipment,04,200301,20030104,10000,,3,7
cls_20030201,20,الآلات والمعدات الأخرى,Other Machinery and Equipment,03,معدات صيد السمك وتربية الأحياء المائية,Fishing and Aquaculture Equipment,02,معدات صيد تجاري,Commercial Fishing Equipment,01,200302,20030201,10000,,3,7
cls_20030204,20,الآلات والمعدات الأخرى,Other Machinery and Equipment,03,معدات صيد السمك وتربية الأحياء المائية,Fishing and Aquaculture Equipment,02,معدات صيد تجاري,Commercial Fishing Equipment,04,200302,20030204,10000,,3,7
cls_20040101,20,الآلات والمعدات الأخرى,Other Machinery and Equipment,04,الغسيل الصناعي ومعدات التنظيف الجاف,Industrial Laundry and Dry Cleaning Equipment,01,ماكينات تنظيف الأرضيات,Cleaning Floor Machines,01,200401,20040101,10000,,7,12
cls_20040104,20,الآلات والمعدات الأخرى,Other Machinery and Equipment,04,الغسيل الصناعي ومعدات التنظيف الجاف,Industrial Laundry and Dry Cleaning Equipment,01,ماكينات تنظيف الأرضيات,Cleaning Floor Machines,04,200401,20040104,10000,,7,12
cls_20040201,20,الآلات والمعدات الأخرى,Other Machinery and Equipment,04,الغسيل الصناعي ومعدات التنظيف الجاف,Industrial Laundry and Dry Cleaning Equipment,02,معدات التنظيف الجاف,Dry Cleaning Equipment,01,200402,20040201,10000,,10,15
cls_20040204,20,الآلات والمعدات الأخرى,Other Machinery and Equipment,04,الغسيل الصناعي ومعدات التنظيف الجاف,Industrial Laundry and Dry Cleaning Equipment,02,معدات التنظيف الجاف,Dry Cleaning Equipment,04,200402,20040204,10000,,10,15
cls_20040301,20,الآلات والمعدات الأخرى,Other Machinery and Equipment,04,الغسيل الصناعي ومعدات التنظيف الجاف,Industrial Laundry and Dry Cleaning Equipment,03,معدات الكي,Ironing Equipment,01,200403,20040301,10000,,15,25
cls_20040304,20,الآلات والمعدات الأخرى,Other Machinery and Equipment,04,الغسيل الصناعي ومعدات التنظيف الجاف,Industrial Laundry and Dry Cleaning Equipment,03,معدات الكي,Ironing Equipment,04,200403,20040304,10000,,15,25
cls_20040401,20,الآلات والمعدات الأخرى,Other Machinery and Equipment,04,الغسيل الصناعي ومعدات التنظيف الجاف,Industrial Laundry and Dry Cleaning Equipment,04,معدات تنظيف أخرى,Other Cleaning Equipment,01,200404,20040401,10000,,12,20
cls_20040404,20,الآلات والمعدات الأخرى,Other Machinery and Equipment,04,الغسيل الصناعي ومعدات التنظيف الجاف,Industrial Laundry and Dry Cleaning Equipment,04,معدات تنظيف أخرى,Other Cleaning Equipment,04,200404,20040404,10000,,12,20
cls_20040501,20,الآلات والمعدات الأخرى,Other Machinery and Equipment,04,الغسيل الصناعي ومعدات التنظيف الجاف,Industrial Laundry and Dry Cleaning Equipment,05,معدات الغسيل والتجفيف,Washing And Drying Equipment,01,200405,20040501,10000,,7,12
cls_20040504,20,الآلات والمعدات الأخرى,Other Machinery and Equipment,04,الغسيل الصناعي ومعدات التنظيف الجاف,Industrial Laundry and Dry Cleaning Equipment,05,معدات الغسيل والتجفيف,Washing And Drying Equipment,04,200405,20040504,10000,,7,12
cls_20050101,20,الآلات والمعدات الأخرى,Other Machinery and Equipment,05,أجهزة الملاحة والرادار,Navigation and Radar Equipment,01,معدات الاتصالات للملاحة,Aeronautical Communication Equipment,01,200501,20050101,10000,,3,7
cls_20050104,20,الآلات والمعدات الأخرى,Other Machinery and Equipment,05,أجهزة الملاحة والرادار,Navigation and Radar Equipment,01,معدات الاتصالات للملاحة,Aeronautical Communication Equipment,04,200501,20050104,10000,,3,7
cls_20050201,20,الآلات والمعدات الأخرى,Other Machinery and Equipment,05,أجهزة الملاحة والرادار,Navigation and Radar Equipment,02,معدات الأتمتة للملاحة,Air Traffic Automation Equipment,01,200502,20050201,10000,,3,7
cls_20050204,20,الآلات والمعدات الأخرى,Other Machinery and Equipment,05,أجهزة الملاحة والرادار,Navigation and Radar Equipment,02,معدات الأتمتة للملاحة,Air Traffic Automation Equipment,04,200502,20050204,10000,,3,7
cls_20050301,20,الآلات والمعدات الأخرى,Other Machinery and Equipment,05,أجهزة الملاحة والرادار,Navigation and Radar Equipment,03,أنظمة إضاءة المدرجات,Airfield Lighting System,01,200503,20050301,10000,,12,20
cls_20050304,20,الآلات والمعدات الأخرى,Other Machinery and Equipment,05,أجهزة الملاحة والرادار,Navigation and Radar Equipment,03,أنظمة إضاءة المدرجات,Airfield Lighting System,04,200503,20050304,10000,,12,20
cls_20050401,20,الآلات والمعدات الأخرى,Other Machinery and Equipment,05,أجهزة الملاحة والرادار,Navigation and Radar Equipment,04,معدات الأرصاد الجوية,Aviation Meteorology Equipment,01,200504,20050401,10000,,12,20
cls_20050404,20,الآلات والمعدات الأخرى,Other Machinery and Equipment,05,أجهزة الملاحة والرادار,Navigation and Radar Equipment,04,معدات الأرصاد الجوية,Aviation Meteorology Equipment,04,200504,20050404,10000,,12,20
cls_20050501,20,الآلات والمعدات الأخرى,Other Machinery and Equipment,05,أجهزة الملاحة والرادار,Navigation and Radar Equipment,05,معدات الدعم الأرضي,Ground support equipment,01,200505,20050501,10000,,7,12
cls_20050504,20,الآلات والمعدات الأخرى,Other Machinery and Equipment,05,أجهزة الملاحة والرادار,Navigation and Radar Equipment,05,معدات الدعم الأرضي,Ground support equipment,04,200505,20050504,10000,,7,12
cls_20050601,20,الآلات والمعدات الأخرى,Other Machinery and Equipment,05,أجهزة الملاحة والرادار,Navigation and Radar Equipment,06,معدات الهبوط,Instrument Landing Equipment,01,200506,20050601,10000,,7,12
cls_20050604,20,الآلات والمعدات الأخرى,Other Machinery and Equipment,05,أجهزة الملاحة والرادار,Navigation and Radar Equipment,06,معدات الهبوط,Instrument Landing Equipment,04,200506,20050604,10000,,7,12
cls_20050701,20,الآلات والمعدات الأخرى,Other Machinery and Equipment,05,أجهزة الملاحة والرادار,Navigation and Radar Equipment,07,معدات الملاحة المساندة,Navigation Aid Equipment,01,200507,20050701,10000,,3,7
cls_20050704,20,الآلات والمعدات الأخرى,Other Machinery and Equipment,05,أجهزة الملاحة والرادار,Navigation and Radar Equipment,07,معدات الملاحة المساندة,Navigation Aid Equipment,04,200507,20050704,10000,,3,7
cls_20050801,20,الآلات والمعدات الأخرى,Other Machinery and Equipment,05,أجهزة الملاحة والرادار,Navigation and Radar Equipment,08,رادارات,Radar,01,200508,20050801,10000,,7,12
cls_20050804,20,الآلات والمعدات الأخرى,Other Machinery and Equipment,05,أجهزة الملاحة والرادار,Navigation and Radar Equipment,08,رادارات,Radar,04,200508,20050804,10000,,7,12
cls_20060101,20,الآلات والمعدات الأخرى,Other Machinery and Equipment,06,معدات حفر واستكشاف النفط والغاز,Oil and Gas Drilling and Exploration Equipment,01,معدات أكسدة,Acidizing Equipment,01,200601,20060101,10000,,7,12
cls_20060104,20,الآلات والمعدات الأخرى,Other Machinery and Equipment,06,معدات حفر واستكشاف النفط والغاز,Oil and Gas Drilling and Exploration Equipment,01,معدات أكسدة,Acidizing Equipment,04,200601,20060104,10000,,7,12
cls_20060201,20,الآلات والمعدات الأخرى,Other Machinery and Equipment,06,معدات حفر واستكشاف النفط والغاز,Oil and Gas Drilling and Exploration Equipment,02,معدات تدعيم الإسمنت,Cementing Equipment,01,200602,20060201,10000,,12,20
cls_20060204,20,الآلات والمعدات الأخرى,Other Machinery and Equipment,06,معدات حفر واستكشاف النفط والغاز,Oil and Gas Drilling and Exploration Equipment,02,معدات تدعيم الإسمنت,Cementing Equipment,04,200602,20060204,10000,,12,20
cls_20060301,20,الآلات والمعدات الأخرى,Other Machinery and Equipment,06,معدات حفر واستكشاف النفط والغاز,Oil and Gas Drilling and Exploration Equipment,03,معدات أنابيب ملتفة,Coiled Tubing Equipment,01,200603,20060301,10000,,7,12
cls_20060304,20,الآلات والمعدات الأخرى,Other Machinery and Equipment,06,معدات حفر واستكشاف النفط والغاز,Oil and Gas Drilling and Exploration Equipment,03,معدات أنابيب ملتفة,Coiled Tubing Equipment,04,200603,20060304,10000,,7,12
cls_20060401,20,الآلات والمعدات الأخرى,Other Machinery and Equipment,06,معدات حفر واستكشاف النفط والغاز,Oil and Gas Drilling and Exploration Equipment,04,معدات قياس الحفر والاستكشاف,Drilling and Exploration Measurement Equipment,01,200604,20060401,10000,,7,12
cls_20060404,20,الآلات والمعدات الأخرى,Other Machinery and Equipment,06,معدات حفر واستكشاف النفط والغاز,Oil and Gas Drilling and Exploration Equipment,04,معدات قياس الحفر والاستكشاف,Drilling and Exploration Measurement Equipment,04,200604,20060404,10000,,7,12
cls_20060501,20,الآلات والمعدات الأخرى,Other Machinery and Equipment,06,معدات حفر واستكشاف النفط والغاز,Oil and Gas Drilling and Exploration Equipment,05,معدات قاع بئر قابلة للتوسعة,Expandable Downhole Equipment,01,200605,20060501,10000,,20,30
cls_20060504,20,الآلات والمعدات الأخرى,Other Machinery and Equipment,06,معدات حفر واستكشاف النفط والغاز,Oil and Gas Drilling and Exploration Equipment,05,معدات قاع بئر قابلة للتوسعة,Expandable Downhole Equipment,04,200605,20060504,10000,,20,30
cls_20060601,20,الآلات والمعدات الأخرى,Other Machinery and Equipment,06,معدات حفر واستكشاف النفط والغاز,Oil and Gas Drilling and Exploration Equipment,06,معدات التصديع,Fracturing Equipment,01,200606,20060601,10000,,12,20
cls_20060604,20,الآلات والمعدات الأخرى,Other Machinery and Equipment,06,معدات حفر واستكشاف النفط والغاز,Oil and Gas Drilling and Exploration Equipment,06,معدات التصديع,Fracturing Equipment,04,200606,20060604,10000,,12,20
cls_20060701,20,الآلات والمعدات الأخرى,Other Machinery and Equipment,06,معدات حفر واستكشاف النفط والغاز,Oil and Gas Drilling and Exploration Equipment,07,معدات متعددة الأطراف,Multilateral Equipment,01,200607,20060701,10000,,20,30
cls_20060704,20,الآلات والمعدات الأخرى,Other Machinery and Equipment,06,معدات حفر واستكشاف النفط والغاز,Oil and Gas Drilling and Exploration Equipment,07,معدات متعددة الأطراف,Multilateral Equipment,04,200607,20060704,10000,,20,30
cls_20060801,20,الآلات والمعدات الأخرى,Other Machinery and Equipment,06,معدات حفر واستكشاف النفط والغاز,Oil and Gas Drilling and Exploration Equipment,08,أدوات آلات حفر واستكشاف النفط والغاز,Oil & Gas Drilling and Exploration Machinery Tools,01,200608,20060801,10000,,7,12
cls_20060804,20,الآلات والمعدات الأخرى,Other Machinery and Equipment,06,معدات حفر واستكشاف النفط والغاز,Oil and Gas Drilling and Exploration Equipment,08,أدوات آلات حفر واستكشاف النفط والغاز,Oil & Gas Drilling and Exploration Machinery Tools,04,200608,20060804,10000,,7,12
cls_20060901,20,الآلات والمعدات الأخرى,Other Machinery and Equipment,06,معدات حفر واستكشاف النفط والغاز,Oil and Gas Drilling and Exploration Equipment,09,سلع أنبوبية للدول النفطية,Oil Country Tubular Goods,01,200609,20060901,10000,,25,35
cls_20060904,20,الآلات والمعدات الأخرى,Other Machinery and Equipment,06,معدات حفر واستكشاف النفط والغاز,Oil and Gas Drilling and Exploration Equipment,09,سلع أنبوبية للدول النفطية,Oil Country Tubular Goods,04,200609,20060904,10000,,25,35
cls_20061001,20,الآلات والمعدات الأخرى,Other Machinery and Equipment,06,معدات حفر واستكشاف النفط والغاز,Oil and Gas Drilling and Exploration Equipment,10,معدات حفر النفط والغاز,Oil and Gas Drilling Equipment,01,200610,20061001,,,,
cls_20061004,20,الآلات والمعدات الأخرى,Other Machinery and Equipment,06,معدات حفر واستكشاف النفط والغاز,Oil and Gas Drilling and Exploration Equipment,10,معدات حفر النفط والغاز,Oil and Gas Drilling Equipment,04,200610,20061004,,,,
cls_20061101,20,الآلات والمعدات الأخرى,Other Machinery and Equipment,06,معدات حفر واستكشاف النفط والغاز,Oil and Gas Drilling and Exploration Equipment,11,معدات التثقيب,Perforating Equipment,01,200611,20061101,10000,,20,30
cls_20061104,20,الآلات والمعدات الأخرى,Other Machinery and Equipment,06,معدات حفر واستكشاف النفط والغاز,Oil and Gas Drilling and Exploration Equipment,11,معدات التثقيب,Perforating Equipment,04,200611,20061104,10000,,20,30
cls_20061201,20,الآلات والمعدات الأخرى,Other Machinery and Equipment,06,معدات حفر واستكشاف النفط والغاز,Oil and Gas Drilling and Exploration Equipment,12,معدات نظم الإنتاج,Production Systems Equipment,01,200612,20061201,10000,,12,20
cls_20061204,20,الآلات والمعدات الأخرى,Other Machinery and Equipment,06,معدات حفر واستكشاف النفط والغاز,Oil and Gas Drilling and Exploration Equipment,12,معدات نظم الإنتاج,Production Systems Equipment,04,200612,20061204,10000,,12,20
cls_20061301,20,الآلات والمعدات الأخرى,Other Machinery and Equipment,06,معدات حفر واستكشاف النفط والغاز,Oil and Gas Drilling and Exploration Equipment,13,معدات التحكم في الرمال,Sand Control Equipment,01,200613,20061301,10000,,7,12
cls_20061304,20,الآلات والمعدات الأخرى,Other Machinery and Equipment,06,معدات حفر واستكشاف النفط والغاز,Oil and Gas Drilling and Exploration Equipment,13,معدات التحكم في الرمال,Sand Control Equipment,04,200613,20061304,10000,,7,12
cls_20061401,20,الآلات والمعدات الأخرى,Other Machinery and Equipment,06,معدات حفر واستكشاف النفط والغاز,Oil and Gas Drilling and Exploration Equipment,14,معدات متعلقة بالزلازل,Seismic Equipment,01,200614,20061401,10000,,7,12
cls_20061404,20,الآلات والمعدات الأخرى,Other Machinery and Equipment,06,معدات حفر واستكشاف النفط والغاز,Oil and Gas Drilling and Exploration Equipment,14,معدات متعلقة بالزلازل,Seismic Equipment,04,200614,20061404,10000,,7,12
cls_20061501,20,الآلات والمعدات الأخرى,Other Machinery and Equipment,06,معدات حفر واستكشاف النفط والغاز,Oil and Gas Drilling and Exploration Equipment,15,معدات أنبوب التزليق,Slickline Equipment,01,200615,20061501,10000,,7,12
cls_20061504,20,الآلات والمعدات الأخرى,Other Machinery and Equipment,06,معدات حفر واستكشاف النفط والغاز,Oil and Gas Drilling and Exploration Equipment,15,معدات أنبوب التزليق,Slickline Equipment,04,200615,20061504,10000,,7,12
cls_20070101,20,الآلات والمعدات الأخرى,Other Machinery and Equipment,07,معدات تشغيل وإنتاج النفط والغاز,Oil and Gas Operating and Production Equipment,01,أنظمة حقن مواد كيميائية,Chemical Injection Systems,01,200701,20070101,10000,,12,20
cls_20070104,20,الآلات والمعدات الأخرى,Other Machinery and Equipment,07,معدات تشغيل وإنتاج النفط والغاز,Oil and Gas Operating and Production Equipment,01,أنظمة حقن مواد كيميائية,Chemical Injection Systems,04,200701,20070104,10000,,12,20
cls_20070201,20,الآلات والمعدات الأخرى,Other Machinery and Equipment,07,معدات تشغيل وإنتاج النفط والغاز,Oil and Gas Operating and Production Equipment,02,معدات إزالة رمال,Desanding Equipment,01,200702,20070201,10000,,12,20
cls_20070204,20,الآلات والمعدات الأخرى,Other Machinery and Equipment,07,معدات تشغيل وإنتاج النفط والغاز,Oil and Gas Operating and Production Equipment,02,معدات إزالة رمال,Desanding Equipment,04,200702,20070204,10000,,12,20
cls_20070301,20,الآلات والمعدات الأخرى,Other Machinery and Equipment,07,معدات تشغيل وإنتاج النفط والغاز,Oil and Gas Operating and Production Equipment,03,مستلزمات إنتاج قاع البئر,Downhole Production Accessories,01,200703,20070301,10000,,12,20
cls_20070304,20,الآلات والمعدات الأخرى,Other Machinery and Equipment,07,معدات تشغيل وإنتاج النفط والغاز,Oil and Gas Operating and Production Equipment,03,مستلزمات إنتاج قاع البئر,Downhole Production Accessories,04,200703,20070304,10000,,12,20
cls_20070401,20,الآلات والمعدات الأخرى,Other Machinery and Equipment,07,معدات تشغيل وإنتاج النفط والغاز,Oil and Gas Operating and Production Equipment,04,معدات معالجة الغاز,Gas Treating Equipment,01,200704,20070401,10000,,12,20
cls_20070404,20,الآلات والمعدات الأخرى,Other Machinery and Equipment,07,معدات تشغيل وإنتاج النفط والغاز,Oil and Gas Operating and Production Equipment,04,معدات معالجة الغاز,Gas Treating Equipment,04,200704,20070404,10000,,12,20
cls_20070501,20,الآلات والمعدات الأخرى,Other Machinery and Equipment,07,معدات تشغيل وإنتاج النفط والغاز,Oil and Gas Operating and Production Equipment,05,مولد جوليكول,Glycol Regenerators,01,200705,20070501,10000,,20,30
cls_20070504,20,الآلات والمعدات الأخرى,Other Machinery and Equipment,07,معدات تشغيل وإنتاج النفط والغاز,Oil and Gas Operating and Production Equipment,05,مولد جوليكول,Glycol Regenerators,04,200705,20070504,10000,,20,30
cls_20070601,20,الآلات والمعدات الأخرى,Other Machinery and Equipment,07,معدات تشغيل وإنتاج النفط والغاز,Oil and Gas Operating and Production Equipment,06,معالج مسخن,Heater Treaters,01,200706,20070601,10000,,15,25
cls_20070604,20,الآلات والمعدات الأخرى,Other Machinery and Equipment,07,معدات تشغيل وإنتاج النفط والغاز,Oil and Gas Operating and Production Equipment,06,معالج مسخن,Heater Treaters,04,200706,20070604,10000,,15,25
cls_20070701,20,الآلات والمعدات الأخرى,Other Machinery and Equipment,07,معدات تشغيل وإنتاج النفط والغاز,Oil and Gas Operating and Production Equipment,07,سخانات خطية,Line Heaters,01,200707,20070701,10000,,15,25
cls_20070704,20,الآلات والمعدات الأخرى,Other Machinery and Equipment,07,معدات تشغيل وإنتاج النفط والغاز,Oil and Gas Operating and Production Equipment,07,سخانات خطية,Line Heaters,04,200707,20070704,10000,,15,25
cls_20070801,20,الآلات والمعدات الأخرى,Other Machinery and Equipment,07,معدات تشغيل وإنتاج النفط والغاز,Oil and Gas Operating and Production Equipment,08,معدات قاع المحيط,Ocean Floor Equipment,01,200708,20070801,10000,,7,12
cls_20070804,20,الآلات والمعدات الأخرى,Other Machinery and Equipment,07,معدات تشغيل وإنتاج النفط والغاز,Oil and Gas Operating and Production Equipment,08,معدات قاع المحيط,Ocean Floor Equipment,04,200708,20070804,10000,,7,12
cls_20070901,20,الآلات والمعدات الأخرى,Other Machinery and Equipment,07,معدات تشغيل وإنتاج النفط والغاز,Oil and Gas Operating and Production Equipment,09,منصات تخزين وإنتاج بعيدة عن الشاطئ,Offshore Production and Storage Platforms,01,200709,20070901,10000,,7,12
cls_20070904,20,الآلات والمعدات الأخرى,Other Machinery and Equipment,07,معدات تشغيل وإنتاج النفط والغاز,Oil and Gas Operating and Production Equipment,09,منصات تخزين وإنتاج بعيدة عن الشاطئ,Offshore Production and Storage Platforms,04,200709,20070904,10000,,7,12
cls_20071001,20,الآلات والمعدات الأخرى,Other Machinery and Equipment,07,معدات تشغيل وإنتاج النفط والغاز,Oil and Gas Operating and Production Equipment,10,معدات خدمة خط أنابيب,Pipeline Service Equipment,01,200710,20071001,10000,,12,20
cls_20071004,20,الآلات والمعدات الأخرى,Other Machinery and Equipment,07,معدات تشغيل وإنتاج النفط والغاز,Oil and Gas Operating and Production Equipment,10,معدات خدمة خط أنابيب,Pipeline Service Equipment,04,200710,20071004,10000,,12,20
cls_20071101,20,الآلات والمعدات الأخرى,Other Machinery and Equipment,07,معدات تشغيل وإنتاج النفط والغاز,Oil and Gas Operating and Production Equipment,11,معدات معالجة مياه الناتج,Produced Water Treating Equipment,01,200711,20071101,,,,
cls_20071104,20,الآلات والمعدات الأخرى,Other Machinery and Equipment,07,معدات تشغيل وإنتاج النفط والغاز,Oil and Gas Operating and Production Equipment,11,معدات معالجة مياه الناتج,Produced Water Treating Equipment,04,200711,20071104,,,,
cls_20071201,20,الآلات والمعدات الأخرى,Other Machinery and Equipment,07,معدات تشغيل وإنتاج النفط والغاز,Oil and Gas Operating and Production Equipment,12,أنظمة ضبط الإنتاج,Production Control System Instrumentation,01,200712,20071201,10000,,7,12
cls_20071204,20,الآلات والمعدات الأخرى,Other Machinery and Equipment,07,معدات تشغيل وإنتاج النفط والغاز,Oil and Gas Operating and Production Equipment,12,أنظمة ضبط الإنتاج,Production Control System Instrumentation,04,200712,20071204,10000,,7,12
cls_20071301,20,الآلات والمعدات الأخرى,Other Machinery and Equipment,07,معدات تشغيل وإنتاج النفط والغاز,Oil and Gas Operating and Production Equipment,13,زلاجات حقن إنتاج,Production Injection Skids,01,200713,20071301,10000,,7,12
cls_20071304,20,الآلات والمعدات الأخرى,Other Machinery and Equipment,07,معدات تشغيل وإنتاج النفط والغاز,Oil and Gas Operating and Production Equipment,13,زلاجات حقن إنتاج,Production Injection Skids,04,200713,20071304,10000,,7,12
cls_20071401,20,الآلات والمعدات الأخرى,Other Machinery and Equipment,07,معدات تشغيل وإنتاج النفط والغاز,Oil and Gas Operating and Production Equipment,14,فواصل الإنتاج,Production Separators,01,200714,20071401,10000,,12,20
cls_20071404,20,الآلات والمعدات الأخرى,Other Machinery and Equipment,07,معدات تشغيل وإنتاج النفط والغاز,Oil and Gas Operating and Production Equipment,14,فواصل الإنتاج,Production Separators,04,200714,20071404,10000,,12,20
cls_20071501,20,الآلات والمعدات الأخرى,Other Machinery and Equipment,07,معدات تشغيل وإنتاج النفط والغاز,Oil and Gas Operating and Production Equipment,15,وحدات ضخ,Pumping Units,01,200715,20071501,10000,,15,25
cls_20071504,20,الآلات والمعدات الأخرى,Other Machinery and Equipment,07,معدات تشغيل وإنتاج النفط والغاز,Oil and Gas Operating and Production Equipment,15,وحدات ضخ,Pumping Units,04,200715,20071504,10000,,15,25
cls_20071601,20,الآلات والمعدات الأخرى,Other Machinery and Equipment,07,معدات تشغيل وإنتاج النفط والغاز,Oil and Gas Operating and Production Equipment,16,أوعية وصهاريج تخزين,Storage Vessels And Tanks,01,200716,20071601,10000,,20,30
cls_20071604,20,الآلات والمعدات الأخرى,Other Machinery and Equipment,07,معدات تشغيل وإنتاج النفط والغاز,Oil and Gas Operating and Production Equipment,16,أوعية وصهاريج تخزين,Storage Vessels And Tanks,04,200716,20071604,10000,,20,30
cls_20071701,20,الآلات والمعدات الأخرى,Other Machinery and Equipment,07,معدات تشغيل وإنتاج النفط والغاز,Oil and Gas Operating and Production Equipment,17,مواد مرنة تحت سطح بحر,Subsea Flexibles,01,200717,20071701,10000,,7,12
cls_20071704,20,الآلات والمعدات الأخرى,Other Machinery and Equipment,07,معدات تشغيل وإنتاج النفط والغاز,Oil and Gas Operating and Production Equipment,17,مواد مرنة تحت سطح بحر,Subsea Flexibles,04,200717,20071704,10000,,7,12
cls_20071801,20,الآلات والمعدات الأخرى,Other Machinery and Equipment,07,معدات تشغيل وإنتاج النفط والغاز,Oil and Gas Operating and Production Equipment,18,عدادات تحت سطح بحر,Subsea Meters,01,200718,20071801,10000,,20,30
cls_20071804,20,الآلات والمعدات الأخرى,Other Machinery and Equipment,07,معدات تشغيل وإنتاج النفط والغاز,Oil and Gas Operating and Production Equipment,18,عدادات تحت سطح بحر,Subsea Meters,04,200718,20071804,10000,,20,30
cls_20071901,20,الآلات والمعدات الأخرى,Other Machinery and Equipment,07,معدات تشغيل وإنتاج النفط والغاز,Oil and Gas Operating and Production Equipment,19,مواد خط أنابيب تحت سطح بحر,Subsea Pipeline Materials,01,200719,20071901,10000,,15,25
cls_20071904,20,الآلات والمعدات الأخرى,Other Machinery and Equipment,07,معدات تشغيل وإنتاج النفط والغاز,Oil and Gas Operating and Production Equipment,19,مواد خط أنابيب تحت سطح بحر,Subsea Pipeline Materials,04,200719,20071904,10000,,15,25
cls_20072001,20,الآلات والمعدات الأخرى,Other Machinery and Equipment,07,معدات تشغيل وإنتاج النفط والغاز,Oil and Gas Operating and Production Equipment,20,سرايا تحت سطح بحر ومعدات ذات علاقة,Subsea Umbilicals and Related Equipment,01,200720,20072001,10000,,7,12
cls_20072004,20,الآلات والمعدات الأخرى,Other Machinery and Equipment,07,معدات تشغيل وإنتاج النفط والغاز,Oil and Gas Operating and Production Equipment,20,سرايا تحت سطح بحر ومعدات ذات علاقة,Subsea Umbilicals and Related Equipment,04,200720,20072004,10000,,7,12
cls_20072101,20,الآلات والمعدات الأخرى,Other Machinery and Equipment,07,معدات تشغيل وإنتاج النفط والغاز,Oil and Gas Operating and Production Equipment,21,فضبان ماصة,Sucker Rods,01,200721,20072101,10000,,3,7
cls_20072104,20,الآلات والمعدات الأخرى,Other Machinery and Equipment,07,معدات تشغيل وإنتاج النفط والغاز,Oil and Gas Operating and Production Equipment,21,فضبان ماصة,Sucker Rods,04,200721,20072104,10000,,3,7
cls_20072201,20,الآلات والمعدات الأخرى,Other Machinery and Equipment,07,معدات تشغيل وإنتاج النفط والغاز,Oil and Gas Operating and Production Equipment,22,مقاييس تدفق إنتاج بئر,Well Production Flow Measurement Meters,01,200722,20072201,10000,,12,20
cls_20072204,20,الآلات والمعدات الأخرى,Other Machinery and Equipment,07,معدات تشغيل وإنتاج النفط والغاز,Oil and Gas Operating and Production Equipment,22,مقاييس تدفق إنتاج بئر,Well Production Flow Measurement Meters,04,200722,20072204,10000,,12,20
cls_20072301,20,الآلات والمعدات الأخرى,Other Machinery and Equipment,07,معدات تشغيل وإنتاج النفط والغاز,Oil and Gas Operating and Production Equipment,23,معدات رأس البئر,Wellhead Equipment,01,200723,20072301,10000,,15,25
cls_20072304,20,الآلات والمعدات الأخرى,Other Machinery and Equipment,07,معدات تشغيل وإنتاج النفط والغاز,Oil and Gas Operating and Production Equipment,23,معدات رأس البئر,Wellhead Equipment,04,200723,20072304,10000,,15,25
cls_20080101,20,الآلات والمعدات الأخرى,Other Machinery and Equipment,08,آلات معالجة البترول,Petroleum Processing Machinery,01,آلات معالجة هيدروجينية,Hydrotreating Machinery,01,200801,20080101,10000,,12,20
cls_20080104,20,الآلات والمعدات الأخرى,Other Machinery and Equipment,08,آلات معالجة البترول,Petroleum Processing Machinery,01,آلات معالجة هيدروجينية,Hydrotreating Machinery,04,200801,20080104,10000,,12,20
cls_20080201,20,الآلات والمعدات الأخرى,Other Machinery and Equipment,08,آلات معالجة البترول,Petroleum Processing Machinery,02,آلات تقطير ومعالجة البترول,Petroleum Distilling and Processing Machinery,01,200802,20080201,10000,,15,25
cls_20080204,20,الآلات والمعدات الأخرى,Other Machinery and Equipment,08,آلات معالجة البترول,Petroleum Processing Machinery,02,آلات تقطير ومعالجة البترول,Petroleum Distilling and Processing Machinery,04,200802,20080204,10000,,15,25
cls_20090101,20,الآلات والمعدات الأخرى,Other Machinery and Equipment,09,معدات الدواجن والماشية,Poultry And Livestock Equipment,01,معدات سقي وتغذية الحيوانات,Animal Watering & Feeding Equipment,01,200901,20090101,10000,,5,10
cls_20090104,20,الآلات والمعدات الأخرى,Other Machinery and Equipment,09,معدات الدواجن والماشية,Poultry And Livestock Equipment,01,معدات سقي وتغذية الحيوانات,Animal Watering & Feeding Equipment,04,200901,20090104,10000,,5,10
cls_20090201,20,الآلات والمعدات الأخرى,Other Machinery and Equipment,09,معدات الدواجن والماشية,Poultry And Livestock Equipment,02,معدات تربية,Husbandry Equipment,01,200902,20090201,10000,,5,10
cls_20090204,20,الآلات والمعدات الأخرى,Other Machinery and Equipment,09,معدات الدواجن والماشية,Poultry And Livestock Equipment,02,معدات تربية,Husbandry Equipment,04,200902,20090204,10000,,5,10
cls_20090301,20,الآلات والمعدات الأخرى,Other Machinery and Equipment,09,معدات الدواجن والماشية,Poultry And Livestock Equipment,03,حاضنات,Incubators,01,200903,20090301,10000,,12,20
cls_20090304,20,الآلات والمعدات الأخرى,Other Machinery and Equipment,09,معدات الدواجن والماشية,Poultry And Livestock Equipment,03,حاضنات,Incubators,04,200903,20090304,10000,,12,20
cls_20090401,20,الآلات والمعدات الأخرى,Other Machinery and Equipment,09,معدات الدواجن والماشية,Poultry And Livestock Equipment,04,معدات ضبط ومراقبة الثروة الحيوانية,Livestock Restraint & Monitoring Equipment,01,200904,20090401,10000,,15,25
cls_20090404,20,الآلات والمعدات الأخرى,Other Machinery and Equipment,09,معدات الدواجن والماشية,Poultry And Livestock Equipment,04,معدات ضبط ومراقبة الثروة الحيوانية,Livestock Restraint & Monitoring Equipment,04,200904,20090404,10000,,15,25
cls_20090501,20,الآلات والمعدات الأخرى,Other Machinery and Equipment,09,معدات الدواجن والماشية,Poultry And Livestock Equipment,05,معدات الحلب,Milking Equipment,01,200905,20090501,10000,,12,20
cls_20090504,20,الآلات والمعدات الأخرى,Other Machinery and Equipment,09,معدات الدواجن والماشية,Poultry And Livestock Equipment,05,معدات الحلب,Milking Equipment,04,200905,20090504,10000,,12,20
cls_20090601,20,الآلات والمعدات الأخرى,Other Machinery and Equipment,09,معدات الدواجن والماشية,Poultry And Livestock Equipment,06,معدات القص,Shearing or Clipping equipment,01,200906,20090601,10000,,12,20
cls_20090604,20,الآلات والمعدات الأخرى,Other Machinery and Equipment,09,معدات الدواجن والماشية,Poultry And Livestock Equipment,06,معدات القص,Shearing or Clipping equipment,04,200906,20090604,10000,,12,20
cls_20090701,20,الآلات والمعدات الأخرى,Other Machinery and Equipment,09,معدات الدواجن والماشية,Poultry And Livestock Equipment,07,معدات الاختبار والتفتيش,Testing and Inspection Equipment,01,200907,20090701,10000,,15,25
cls_20090704,20,الآلات والمعدات الأخرى,Other Machinery and Equipment,09,معدات الدواجن والماشية,Poultry And Livestock Equipment,07,معدات الاختبار والتفتيش,Testing and Inspection Equipment,04,200907,20090704,10000,,15,25
cls_20100101,20,الآلات والمعدات الأخرى,Other Machinery and Equipment,10,معدات رياضية,Sports Equipment,01,معدات الملاكمة,Boxing Equipment,01,201001,20100101,10000,,3,7
cls_20100104,20,الآلات والمعدات الأخرى,Other Machinery and Equipment,10,معدات رياضية,Sports Equipment,01,معدات الملاكمة,Boxing Equipment,04,201001,20100104,10000,,3,7
cls_20100201,20,الآلات والمعدات الأخرى,Other Machinery and Equipment,10,معدات رياضية,Sports Equipment,02,معدات رياضات ميدانية,Field Sports Equipment,01,201002,20100201,10000,,3,7
cls_20100204,20,الآلات والمعدات الأخرى,Other Machinery and Equipment,10,معدات رياضية,Sports Equipment,02,معدات رياضات ميدانية,Field Sports Equipment,04,201002,20100204,10000,,3,7
cls_20100301,20,الآلات والمعدات الأخرى,Other Machinery and Equipment,10,معدات رياضية,Sports Equipment,03,منتجات الصيد,Hunting Products,01,201003,20100301,10000,,3,7
cls_20100304,20,الآلات والمعدات الأخرى,Other Machinery and Equipment,10,معدات رياضية,Sports Equipment,03,منتجات الصيد,Hunting Products,04,201003,20100304,10000,,3,7
cls_20100401,20,الآلات والمعدات الأخرى,Other Machinery and Equipment,10,معدات رياضية,Sports Equipment,04,معدات التربية البدنية للفصول الدراسية,Physical Education Classroom Equipment,01,201004,20100401,10000,,3,7
cls_20100404,20,الآلات والمعدات الأخرى,Other Machinery and Equipment,10,معدات رياضية,Sports Equipment,04,معدات التربية البدنية للفصول الدراسية,Physical Education Classroom Equipment,04,201004,20100404,10000,,3,7
cls_20100501,20,الآلات والمعدات الأخرى,Other Machinery and Equipment,10,معدات رياضية,Sports Equipment,05,معدات ملاعب الأطفال,Playground Equipment,01,201005,20100501,10000,,5,10
cls_20100504,20,الآلات والمعدات الأخرى,Other Machinery and Equipment,10,معدات رياضية,Sports Equipment,05,معدات ملاعب الأطفال,Playground Equipment,04,201005,20100504,10000,,5,10
cls_20100601,20,الآلات والمعدات الأخرى,Other Machinery and Equipment,10,معدات رياضية,Sports Equipment,06,معدات الأنشطة الترفيهية,Recreational Equipment,01,201006,20100601,10000,,5,10
cls_20100604,20,الآلات والمعدات الأخرى,Other Machinery and Equipment,10,معدات رياضية,Sports Equipment,06,معدات الأنشطة الترفيهية,Recreational Equipment,04,201006,20100604,10000,,5,10
cls_20100701,20,الآلات والمعدات الأخرى,Other Machinery and Equipment,10,معدات رياضية,Sports Equipment,07,معدات ومستلزمات ركوب الأمواج والسباحة,Surf And Swim Equipment And Accessories,01,201007,20100701,10000,,3,7
cls_20100704,20,الآلات والمعدات الأخرى,Other Machinery and Equipment,10,معدات رياضية,Sports Equipment,07,معدات ومستلزمات ركوب الأمواج والسباحة,Surf And Swim Equipment And Accessories,04,201007,20100704,10000,,3,7
cls_20100801,20,الآلات والمعدات الأخرى,Other Machinery and Equipment,10,معدات رياضية,Sports Equipment,08,معدات وتجهيزات برك السباحة والمنتجعات الصحية,Swimming Pool And Spa Equipment And Supplies,01,201008,20100801,10000,,5,10
cls_20100804,20,الآلات والمعدات الأخرى,Other Machinery and Equipment,10,معدات رياضية,Sports Equipment,08,معدات وتجهيزات برك السباحة والمنتجعات الصحية,Swimming Pool And Spa Equipment And Supplies,04,201008,20100804,10000,,5,10
cls_20110101,20,الآلات والمعدات الأخرى,Other Machinery and Equipment,11,آلات البيع,Vending Machines,01,آلات بيع العملة,Currency Vending Machines,01,201101,20110101,10000,,7,12
cls_20110104,20,الآلات والمعدات الأخرى,Other Machinery and Equipment,11,آلات البيع,Vending Machines,01,آلات بيع العملة,Currency Vending Machines,04,201101,20110104,10000,,7,12
cls_20110201,20,الآلات والمعدات الأخرى,Other Machinery and Equipment,11,آلات البيع,Vending Machines,02,آلة بيع الأطعمة الجاهزة,Food Vending Machines,01,201102,20110201,10000,,7,12
cls_20110204,20,الآلات والمعدات الأخرى,Other Machinery and Equipment,11,آلات البيع,Vending Machines,02,آلة بيع الأطعمة الجاهزة,Food Vending Machines,04,201102,20110204,10000,,7,12
cls_20110301,20,الآلات والمعدات الأخرى,Other Machinery and Equipment,11,آلات البيع,Vending Machines,03,آلة بيع السوائل,Liquid Vending Machines,01,201103,20110301,10000,,7,12
cls_20110304,20,الآلات والمعدات الأخرى,Other Machinery and Equipment,11,آلات البيع,Vending Machines,03,آلة بيع السوائل,Liquid Vending Machines,04,201103,20110304,10000,,7,12
cls_20110401,20,الآلات والمعدات الأخرى,Other Machinery and Equipment,11,آلات البيع,Vending Machines,04,آلة بيع الأجزاء والقطع,Piece & Part Vending Machines,01,201104,20110401,10000,,7,12
cls_20110404,20,الآلات والمعدات الأخرى,Other Machinery and Equipment,11,آلات البيع,Vending Machines,04,آلة بيع الأجزاء والقطع,Piece & Part Vending Machines,04,201104,20110404,10000,,7,12
cls_20110501,20,الآلات والمعدات الأخرى,Other Machinery and Equipment,11,آلات البيع,Vending Machines,05,آلات بيع الخدمات والتذاكر,Service & Ticket Vending Machines,01,201105,20110501,10000,,7,12
cls_20110504,20,الآلات والمعدات الأخرى,Other Machinery and Equipment,11,آلات البيع,Vending Machines,05,آلات بيع الخدمات والتذاكر,Service & Ticket Vending Machines,04,201105,20110504,10000,,7,12
cls_20120101,20,الآلات والمعدات الأخرى,Other Machinery and Equipment,12,معدات معالجة المياه والصرف الصحي,Water and Wastewater Treatment Equipment,01,جهاز لتحريك السائل,Agitators,01,201201,20120101,10000,,15,25
cls_20120104,20,الآلات والمعدات الأخرى,Other Machinery and Equipment,12,معدات معالجة المياه والصرف الصحي,Water and Wastewater Treatment Equipment,01,جهاز لتحريك السائل,Agitators,04,201201,20120104,10000,,15,25
cls_20120201,20,الآلات والمعدات الأخرى,Other Machinery and Equipment,12,معدات معالجة المياه والصرف الصحي,Water and Wastewater Treatment Equipment,02,معدات تعويم الهواء,Air flotation equipment,01,201202,20120201,10000,,7,12
cls_20120204,20,الآلات والمعدات الأخرى,Other Machinery and Equipment,12,معدات معالجة المياه والصرف الصحي,Water and Wastewater Treatment Equipment,02,معدات تعويم الهواء,Air flotation equipment,04,201202,20120204,10000,,7,12
cls_20120301,20,الآلات والمعدات الأخرى,Other Machinery and Equipment,12,معدات معالجة المياه والصرف الصحي,Water and Wastewater Treatment Equipment,03,أجهزة نزع الهواء,Deaerators,01,201203,20120301,10000,,15,25
cls_20120304,20,الآلات والمعدات الأخرى,Other Machinery and Equipment,12,معدات معالجة المياه والصرف الصحي,Water and Wastewater Treatment Equipment,03,أجهزة نزع الهواء,Deaerators,04,201203,20120304,10000,,15,25
cls_20120401,20,الآلات والمعدات الأخرى,Other Machinery and Equipment,12,معدات معالجة المياه والصرف الصحي,Water and Wastewater Treatment Equipment,04,معدات تحلية المياه,Desalination equipment,01,201204,20120401,10000,,15,25
cls_20120404,20,الآلات والمعدات الأخرى,Other Machinery and Equipment,12,معدات معالجة المياه والصرف الصحي,Water and Wastewater Treatment Equipment,04,معدات تحلية المياه,Desalination equipment,04,201204,20120404,10000,,15,25
cls_20120501,20,الآلات والمعدات الأخرى,Other Machinery and Equipment,12,معدات معالجة المياه والصرف الصحي,Water and Wastewater Treatment Equipment,05,معدات نزح المياه,Dewatering equipment,01,201205,20120501,10000,,15,25
cls_20120504,20,الآلات والمعدات الأخرى,Other Machinery and Equipment,12,معدات معالجة المياه والصرف الصحي,Water and Wastewater Treatment Equipment,05,معدات نزح المياه,Dewatering equipment,04,201205,20120504,10000,,15,25
cls_20120601,20,الآلات والمعدات الأخرى,Other Machinery and Equipment,12,معدات معالجة المياه والصرف الصحي,Water and Wastewater Treatment Equipment,06,آلات الغسيل الكهربائي,Electrodialysis machinery,01,201206,20120601,10000,,15,25
cls_20120604,20,الآلات والمعدات الأخرى,Other Machinery and Equipment,12,معدات معالجة المياه والصرف الصحي,Water and Wastewater Treatment Equipment,06,آلات الغسيل الكهربائي,Electrodialysis machinery,04,201206,20120604,10000,,15,25
cls_20120701,20,الآلات والمعدات الأخرى,Other Machinery and Equipment,12,معدات معالجة المياه والصرف الصحي,Water and Wastewater Treatment Equipment,07,معدات الندف,Flocculators,01,201207,20120701,10000,,15,25
cls_20120704,20,الآلات والمعدات الأخرى,Other Machinery and Equipment,12,معدات معالجة المياه والصرف الصحي,Water and Wastewater Treatment Equipment,07,معدات الندف,Flocculators,04,201207,20120704,10000,,15,25
cls_20120801,20,الآلات والمعدات الأخرى,Other Machinery and Equipment,12,معدات معالجة المياه والصرف الصحي,Water and Wastewater Treatment Equipment,08,نظام استعادة الحرارة,Heat Recovery System,01,201208,20120801,10000,,15,25
cls_20120804,20,الآلات والمعدات الأخرى,Other Machinery and Equipment,12,معدات معالجة المياه والصرف الصحي,Water and Wastewater Treatment Equipment,08,نظام استعادة الحرارة,Heat Recovery System,04,201208,20120804,10000,,15,25
cls_20120901,20,الآلات والمعدات الأخرى,Other Machinery and Equipment,12,معدات معالجة المياه والصرف الصحي,Water and Wastewater Treatment Equipment,09,أنظمة المياه المعبأة,Packaged water systems,01,201209,20120901,10000,,15,25
cls_20120904,20,الآلات والمعدات الأخرى,Other Machinery and Equipment,12,معدات معالجة المياه والصرف الصحي,Water and Wastewater Treatment Equipment,09,أنظمة المياه المعبأة,Packaged water systems,04,201209,20120904,10000,,15,25
cls_20121001,20,الآلات والمعدات الأخرى,Other Machinery and Equipment,12,معدات معالجة المياه والصرف الصحي,Water and Wastewater Treatment Equipment,10,نظام التناضح العكسي,Reverse Osmosis system,01,201210,20121001,10000,,15,25
cls_20121004,20,الآلات والمعدات الأخرى,Other Machinery and Equipment,12,معدات معالجة المياه والصرف الصحي,Water and Wastewater Treatment Equipment,10,نظام التناضح العكسي,Reverse Osmosis system,04,201210,20121004,10000,,15,25
cls_20121101,20,الآلات والمعدات الأخرى,Other Machinery and Equipment,12,معدات معالجة المياه والصرف الصحي,Water and Wastewater Treatment Equipment,11,ملامس بيولوجي دوراني,Rotating biological contactor RBC,01,201211,20121101,10000,,15,25
cls_20121104,20,الآلات والمعدات الأخرى,Other Machinery and Equipment,12,معدات معالجة المياه والصرف الصحي,Water and Wastewater Treatment Equipment,11,ملامس بيولوجي دوراني,Rotating biological contactor RBC,04,201211,20121104,10000,,15,25
cls_20121201,20,الآلات والمعدات الأخرى,Other Machinery and Equipment,12,معدات معالجة المياه والصرف الصحي,Water and Wastewater Treatment Equipment,12,معدات الفرز,Screening equipment,01,201212,20121201,10000,,15,25
cls_20121204,20,الآلات والمعدات الأخرى,Other Machinery and Equipment,12,معدات معالجة المياه والصرف الصحي,Water and Wastewater Treatment Equipment,12,معدات الفرز,Screening equipment,04,201212,20121204,10000,,15,25
cls_20121301,20,الآلات والمعدات الأخرى,Other Machinery and Equipment,12,معدات معالجة المياه والصرف الصحي,Water and Wastewater Treatment Equipment,13,معدات معالجة النفايات والحمأة والمعالجة الكيميائية,"Waste, Sludge and Chemical treatment equipment",01,201213,20121301,10000,,15,25
cls_20121304,20,الآلات والمعدات الأخرى,Other Machinery and Equipment,12,معدات معالجة المياه والصرف الصحي,Water and Wastewater Treatment Equipment,13,معدات معالجة النفايات والحمأة والمعالجة الكيميائية,"Waste, Sludge and Chemical treatment equipment",04,201213,20121304,10000,,15,25
cls_21010101,21,الأصول التراثية المتنقلة,Heritage items and collections,01,الخرز / المجوهرات / الأحجار الكريمة,Beads/Jewelry/Precious Stones,01,خرز,Beads,01,210101,21010101,,,,
cls_21010201,21,الأصول التراثية المتنقلة,Heritage items and collections,01,الخرز / المجوهرات / الأحجار الكريمة,Beads/Jewelry/Precious Stones,02,فحم صلب,Coal Anthracite,01,210102,21010201,,,,
cls_21010301,21,الأصول التراثية المتنقلة,Heritage items and collections,01,الخرز / المجوهرات / الأحجار الكريمة,Beads/Jewelry/Precious Stones,03,حجر العقيق الأحمر,Carnelian Stone,01,210103,21010301,,,,
cls_21010401,21,الأصول التراثية المتنقلة,Heritage items and collections,01,الخرز / المجوهرات / الأحجار الكريمة,Beads/Jewelry/Precious Stones,04,العملات,Currencies,01,210104,21010401,,,,
cls_21010501,21,الأصول التراثية المتنقلة,Heritage items and collections,01,الخرز / المجوهرات / الأحجار الكريمة,Beads/Jewelry/Precious Stones,05,خوذة,Headpiece,01,210105,21010501,,,,
cls_21010601,21,الأصول التراثية المتنقلة,Heritage items and collections,01,الخرز / المجوهرات / الأحجار الكريمة,Beads/Jewelry/Precious Stones,06,خاتم من العاج,Ivory Finger Ring,01,210106,21010601,,,,
cls_21010701,21,الأصول التراثية المتنقلة,Heritage items and collections,01,الخرز / المجوهرات / الأحجار الكريمة,Beads/Jewelry/Precious Stones,07,مجوهرات,Jewellery,01,210107,21010701,,,,
cls_21010801,21,الأصول التراثية المتنقلة,Heritage items and collections,01,الخرز / المجوهرات / الأحجار الكريمة,Beads/Jewelry/Precious Stones,08,سلاسل المفاتيح,Key Chains,01,210108,21010801,,,,
cls_21010901,21,الأصول التراثية المتنقلة,Heritage items and collections,01,الخرز / المجوهرات / الأحجار الكريمة,Beads/Jewelry/Precious Stones,09,بروش عثمانية,Ottoman Brooch,01,210109,21010901,,,,
cls_21011001,21,الأصول التراثية المتنقلة,Heritage items and collections,01,الخرز / المجوهرات / الأحجار الكريمة,Beads/Jewelry/Precious Stones,10,عملات العثمانية,Ottoman Coins,01,210110,21011001,,,,
cls_21011101,21,الأصول التراثية المتنقلة,Heritage items and collections,01,الخرز / المجوهرات / الأحجار الكريمة,Beads/Jewelry/Precious Stones,11,المعلقات,Pendants,01,210111,21011101,,,,
cls_21011201,21,الأصول التراثية المتنقلة,Heritage items and collections,01,الخرز / المجوهرات / الأحجار الكريمة,Beads/Jewelry/Precious Stones,12,ساعة الجيب,Pocket Watch,01,210112,21011201,,,,
cls_21020101,21,الأصول التراثية المتنقلة,Heritage items and collections,02,وثائق التراث,Heritage Documents,01,شهادات تراثية,Certificate,01,210201,21020101,,,,
cls_21020201,21,الأصول التراثية المتنقلة,Heritage items and collections,02,وثائق التراث,Heritage Documents,02,المستندات القديمة والمطبوعات,Old Documents and Publications,01,210202,21020201,,,,
cls_21020301,21,الأصول التراثية المتنقلة,Heritage items and collections,02,وثائق التراث,Heritage Documents,03,صور قديمة وصور,Old Photos and Images,01,210203,21020301,,,,
cls_21020401,21,الأصول التراثية المتنقلة,Heritage items and collections,02,وثائق التراث,Heritage Documents,04,قصيدة,Poem,01,210204,21020401,,,,
cls_21020501,21,الأصول التراثية المتنقلة,Heritage items and collections,02,وثائق التراث,Heritage Documents,05,القرآن,Quran,01,210205,21020501,,,,
cls_21030101,21,الأصول التراثية المتنقلة,Heritage items and collections,03,تراث جلود ومنسوجات,Heritage Leather and Textile,01,الأقمشة,Fabrics,01,210301,21030101,,,,
cls_21030201,21,الأصول التراثية المتنقلة,Heritage items and collections,03,تراث جلود ومنسوجات,Heritage Leather and Textile,02,حقيبة الوثيقة الجلدية,Leather Document Pouch,01,210302,21030201,,,,
cls_21030301,21,الأصول التراثية المتنقلة,Heritage items and collections,03,تراث جلود ومنسوجات,Heritage Leather and Textile,03,شظايا الجلود,Leather Fragments,01,210303,21030301,,,,
cls_21030401,21,الأصول التراثية المتنقلة,Heritage items and collections,03,تراث جلود ومنسوجات,Heritage Leather and Textile,04,قطعة جلد,Leather Piece,01,210304,21030401,,,,
cls_21030501,21,الأصول التراثية المتنقلة,Heritage items and collections,03,تراث جلود ومنسوجات,Heritage Leather and Textile,05,الحقيبة الجلدية,Leather Satchel,01,210305,21030501,,,,
cls_21030601,21,الأصول التراثية المتنقلة,Heritage items and collections,03,تراث جلود ومنسوجات,Heritage Leather and Textile,06,أعمال جلدية,Leather Work,01,210306,21030601,,,,
cls_21040101,21,الأصول التراثية المتنقلة,Heritage items and collections,04,أدوات التراث / الصخور,Heritage Tools/Rocks,01,رأس السهم,Arrowhead,01,210401,21040101,,,,
cls_21040201,21,الأصول التراثية المتنقلة,Heritage items and collections,04,أدوات التراث / الصخور,Heritage Tools/Rocks,02,أدوات البدو,Bedouin Tools,01,210402,21040201,,,,
cls_21040301,21,الأصول التراثية المتنقلة,Heritage items and collections,04,أدوات التراث / الصخور,Heritage Tools/Rocks,03,مناظير تراثية,Binoculars,01,210403,21040301,,,,
cls_21040401,21,الأصول التراثية المتنقلة,Heritage items and collections,04,أدوات التراث / الصخور,Heritage Tools/Rocks,04,صخور بازلت السوداء التراثية,Black Basalt Rock,01,210404,21040401,,,,
cls_21040501,21,الأصول التراثية المتنقلة,Heritage items and collections,04,أدوات التراث / الصخور,Heritage Tools/Rocks,05,اوعية وأدوات قياس تراثية,"Bowl, Measurement Tool",01,210405,21040501,,,,
cls_21040601,21,الأصول التراثية المتنقلة,Heritage items and collections,04,أدوات التراث / الصخور,Heritage Tools/Rocks,06,التماثيل البرونزية,Bronze Figurines,01,210406,21040601,,,,
cls_21040701,21,الأصول التراثية المتنقلة,Heritage items and collections,04,أدوات التراث / الصخور,Heritage Tools/Rocks,07,شظايا الفحم,Charcoal Fragments,01,210407,21040701,,,,
cls_21040801,21,الأصول التراثية المتنقلة,Heritage items and collections,04,أدوات التراث / الصخور,Heritage Tools/Rocks,08,الملابس وأدوات النظافة,Clothing and Toiletries,01,210408,21040801,,,,
cls_21040901,21,الأصول التراثية المتنقلة,Heritage items and collections,04,أدوات التراث / الصخور,Heritage Tools/Rocks,09,درع,Shield,01,210409,21040901,,,,
cls_21041001,21,الأصول التراثية المتنقلة,Heritage items and collections,04,أدوات التراث / الصخور,Heritage Tools/Rocks,10,رمح,Spear,01,210410,21041001,,,,
cls_21041101,21,الأصول التراثية المتنقلة,Heritage items and collections,04,أدوات التراث / الصخور,Heritage Tools/Rocks,11,سيف,Sword,01,210411,21041101,,,,
cls_21050101,21,الأصول التراثية المتنقلة,Heritage items and collections,05,قطع الفخار / الفخار,Pottery/Pottery Shreds,01,اواني تراثية,Cooking Pots,01,210501,21050101,,,,
cls_21050201,21,الأصول التراثية المتنقلة,Heritage items and collections,05,قطع الفخار / الفخار,Pottery/Pottery Shreds,02,قطع من اواني اثرية,Fragments of pots,01,210502,21050201,,,,
cls_22010101,22,الأصول التراثية الثابتة,Heritage monuments,01,مباني تاريخية,Historical Buildings,01,المواقع الأثرية,Archaeological Sites,01,220101,22010101,,,,
cls_22010201,22,الأصول التراثية الثابتة,Heritage monuments,01,مباني تاريخية,Historical Buildings,02,الأشغال الأثرية,Archaeological Works,01,220102,22010201,,,,
cls_22010301,22,الأصول التراثية الثابتة,Heritage monuments,01,مباني تاريخية,Historical Buildings,03,التراث المعماري,Architectural Heritage,01,220103,22010301,,,,
cls_22020101,22,الأصول التراثية الثابتة,Heritage monuments,02,التماثيل,Sculptures,01,أعمال منحوتة,Sculptural Work,01,220201,22020101,,,,
cls_22020201,22,الأصول التراثية الثابتة,Heritage monuments,02,التماثيل,Sculptures,02,تماثيل,Statues,01,220202,22020201,,,,
cls_22030101,22,الأصول التراثية الثابتة,Heritage monuments,03,المقابر,Tombs,01,المقابر,Tombs,01,220301,22030101,,,,
cls_22030201,22,الأصول التراثية الثابتة,Heritage monuments,03,المقابر,Tombs,02,برج للقبور,Tower Tomb,01,220302,22030201,,,,
cls_22040101,22,الأصول التراثية الثابتة,Heritage monuments,04,التراث الثقافي المغمور بالمياه,Underwater Cultural Heritage,01,انشاءات تراثية تحت الماء,Building Beneath The Water,01,220401,22040101,,,,
cls_22040201,22,الأصول التراثية الثابتة,Heritage monuments,04,التراث الثقافي المغمور بالمياه,Underwater Cultural Heritage,02,السفن الغارقة,Sunken Ships,01,220402,22040201,,,,
cls_23010101,23,النباتات,Plants,01,النباتات,Plants,01,نباتات زهرية,Floral Plants,01,230101,23010101,10000,,,
cls_23010106,23,النباتات,Plants,01,النباتات,Plants,01,نباتات زهرية,Floral Plants,06,230101,23010106,10000,,,
cls_23010201,23,النباتات,Plants,01,النباتات,Plants,02,نباتات لا زهرية,Non Flowering Plants,01,230102,23010201,10000,,,
cls_23010206,23,النباتات,Plants,01,النباتات,Plants,02,نباتات لا زهرية,Non Flowering Plants,06,230102,23010206,10000,,,
cls_23020101,23,النباتات,Plants,02,الأشجار,Trees,01,أشجار وشجيرات,Trees And Shrubs,01,230201,23020101,10000,,,
cls_23020106,23,النباتات,Plants,02,الأشجار,Trees,01,أشجار وشجيرات,Trees And Shrubs,06,230201,23020106,10000,,,
cls_24010101,24,الحيوانات,Animals,01,الحيوانات,Animals,01,طيور,Birds,01,240101,24010101,10000,,,
cls_24010106,24,الحيوانات,Animals,01,الحيوانات,Animals,01,طيور,Birds,06,240101,24010106,10000,,,
cls_24010201,24,الحيوانات,Animals,01,الحيوانات,Animals,02,الأسماك,Fish,01,240102,24010201,10000,,,
cls_24010206,24,الحيوانات,Animals,01,الحيوانات,Animals,02,الأسماك,Fish,06,240102,24010206,10000,,,
cls_24010301,24,الحيوانات,Animals,01,الحيوانات,Animals,03,ماشية,Livestock,01,240103,24010301,10000,,,
cls_24010306,24,الحيوانات,Animals,01,الحيوانات,Animals,03,ماشية,Livestock,06,240103,24010306,10000,,,
cls_24010401,24,الحيوانات,Animals,01,الحيوانات,Animals,04,محار واللافقاريات المائية,Shellfish And Aquatic Invertebrates,01,240104,24010401,10000,,,
cls_24010406,24,الحيوانات,Animals,01,الحيوانات,Animals,04,محار واللافقاريات المائية,Shellfish And Aquatic Invertebrates,06,240104,24010406,10000,,,
cls_24010501,24,الحيوانات,Animals,01,الحيوانات,Animals,05,حيوانات برية,Wild Animals,01,240105,24010501,10000,,,
cls_24010506,24,الحيوانات,Animals,01,الحيوانات,Animals,05,حيوانات برية,Wild Animals,06,240105,24010506,10000,,,
cls_25010104,25,البرمجيات,Software,01,البرمجيات الجاهزة,Off the shelf Software,01,برامج خاصة لوظائف أعمال تجارية,Business function specific software,04,250101,25010104,10000,,3,5
cls_25010105,25,البرمجيات,Software,01,البرمجيات الجاهزة,Off the shelf Software,01,برامج خاصة لوظائف أعمال تجارية,Business function specific software,05,250101,25010105,10000,,3,5
cls_25010204,25,البرمجيات,Software,01,البرمجيات الجاهزة,Off the shelf Software,02,ألعاب حاسوب أو برامج الترفيهية,Computer game or entertainment software,04,250102,25010204,10000,,3,5
cls_25010205,25,البرمجيات,Software,01,البرمجيات الجاهزة,Off the shelf Software,02,ألعاب حاسوب أو برامج الترفيهية,Computer game or entertainment software,05,250102,25010205,10000,,3,5
cls_25010304,25,البرمجيات,Software,01,البرمجيات الجاهزة,Off the shelf Software,03,برامج تأليف وتحرير المحتوي,Content authoring and editing software,04,250103,25010304,10000,,3,5
cls_25010305,25,البرمجيات,Software,01,البرمجيات الجاهزة,Off the shelf Software,03,برامج تأليف وتحرير المحتوي,Content authoring and editing software,05,250103,25010305,10000,,3,5
cls_25010404,25,البرمجيات,Software,01,البرمجيات الجاهزة,Off the shelf Software,04,برامج إدارة محتوى,Content management software,04,250104,25010404,10000,,3,5
cls_25010405,25,البرمجيات,Software,01,البرمجيات الجاهزة,Off the shelf Software,04,برامج إدارة محتوى,Content management software,05,250104,25010405,10000,,3,5
cls_25010504,25,البرمجيات,Software,01,البرمجيات الجاهزة,Off the shelf Software,05,برامج إدارة بيانات واستعلام,Data management and query software,04,250105,25010504,10000,,3,5
cls_25010505,25,البرمجيات,Software,01,البرمجيات الجاهزة,Off the shelf Software,05,برامج إدارة بيانات واستعلام,Data management and query software,05,250105,25010505,10000,,3,5
cls_25010604,25,البرمجيات,Software,01,البرمجيات الجاهزة,Off the shelf Software,06,برامج التنمية والتطوير,Development software,04,250106,25010604,10000,,3,5
cls_25010605,25,البرمجيات,Software,01,البرمجيات الجاهزة,Off the shelf Software,06,برامج التنمية والتطوير,Development software,05,250106,25010605,10000,,3,5
cls_25010704,25,البرمجيات,Software,01,البرمجيات الجاهزة,Off the shelf Software,07,برامج تعليمية أو مرجعية,Educational or reference software,04,250107,25010704,10000,,3,5
cls_25010705,25,البرمجيات,Software,01,البرمجيات الجاهزة,Off the shelf Software,07,برامج تعليمية أو مرجعية,Educational or reference software,05,250107,25010705,10000,,3,5
cls_25010804,25,البرمجيات,Software,01,البرمجيات الجاهزة,Off the shelf Software,08,برامج معدات كهربائية,Electrical Equipment software,04,250108,25010804,10000,,3,5
cls_25010805,25,البرمجيات,Software,01,البرمجيات الجاهزة,Off the shelf Software,08,برامج معدات كهربائية,Electrical Equipment software,05,250108,25010805,10000,,3,5
cls_25010904,25,البرمجيات,Software,01,البرمجيات الجاهزة,Off the shelf Software,09,برامج محاسبة مالية وتخطيط موارد مؤسسات,Finance accounting and enterprise resource planning ERP software,04,250109,25010904,10000,,3,5
cls_25010905,25,البرمجيات,Software,01,البرمجيات الجاهزة,Off the shelf Software,09,برامج محاسبة مالية وتخطيط موارد مؤسسات,Finance accounting and enterprise resource planning ERP software,05,250109,25010905,10000,,3,5
cls_25011004,25,البرمجيات,Software,01,البرمجيات الجاهزة,Off the shelf Software,10,برامج خاصة للصناعة,Industry specific software,04,250110,25011004,10000,,3,5
cls_25011005,25,البرمجيات,Software,01,البرمجيات الجاهزة,Off the shelf Software,10,برامج خاصة للصناعة,Industry specific software,05,250110,25011005,10000,,3,5
cls_25011104,25,البرمجيات,Software,01,البرمجيات الجاهزة,Off the shelf Software,11,برامج تبادل معلومات,Information exchange software,04,250111,25011104,10000,,3,5
cls_25011105,25,البرمجيات,Software,01,البرمجيات الجاهزة,Off the shelf Software,11,برامج تبادل معلومات,Information exchange software,05,250111,25011105,10000,,3,5
cls_25011204,25,البرمجيات,Software,01,البرمجيات الجاهزة,Off the shelf Software,12,برامج تطبيقات الشبكة,Network applications software,04,250112,25011204,10000,,3,5
cls_25011205,25,البرمجيات,Software,01,البرمجيات الجاهزة,Off the shelf Software,12,برامج تطبيقات الشبكة,Network applications software,05,250112,25011205,10000,,3,5
cls_25011304,25,البرمجيات,Software,01,البرمجيات الجاهزة,Off the shelf Software,13,برامج إدارة الشبكة,Network management software,04,250113,25011304,10000,,3,5
cls_25011305,25,البرمجيات,Software,01,البرمجيات الجاهزة,Off the shelf Software,13,برامج إدارة الشبكة,Network management software,05,250113,25011305,10000,,3,5
cls_25011404,25,البرمجيات,Software,01,البرمجيات الجاهزة,Off the shelf Software,14,برامج شبكات,Networking software,04,250114,25011404,10000,,3,5
cls_25011405,25,البرمجيات,Software,01,البرمجيات الجاهزة,Off the shelf Software,14,برامج شبكات,Networking software,05,250114,25011405,10000,,3,5
cls_25011504,25,البرمجيات,Software,01,البرمجيات الجاهزة,Off the shelf Software,15,برامج بيئة تشغيلية,Operating environment software,04,250115,25011504,10000,,3,5
cls_25011505,25,البرمجيات,Software,01,البرمجيات الجاهزة,Off the shelf Software,15,برامج بيئة تشغيلية,Operating environment software,05,250115,25011505,10000,,3,5
cls_25011604,25,البرمجيات,Software,01,البرمجيات الجاهزة,Off the shelf Software,16,برامج حماية والأمن,Security and protection software,04,250116,25011604,10000,,3,5
cls_25011605,25,البرمجيات,Software,01,البرمجيات الجاهزة,Off the shelf Software,16,برامج حماية والأمن,Security and protection software,05,250116,25011605,10000,,3,5
cls_25011704,25,البرمجيات,Software,01,البرمجيات الجاهزة,Off the shelf Software,17,برامج إدارة نظام,System management software,04,250117,25011704,10000,,3,5
cls_25011705,25,البرمجيات,Software,01,البرمجيات الجاهزة,Off the shelf Software,17,برامج إدارة نظام,System management software,05,250117,25011705,10000,,3,5
cls_25011804,25,البرمجيات,Software,01,البرمجيات الجاهزة,Off the shelf Software,18,برامج أدوات ومشغلات الأجهزة,Utility and device driver software,04,250118,25011804,10000,,3,5
cls_25011805,25,البرمجيات,Software,01,البرمجيات الجاهزة,Off the shelf Software,18,برامج أدوات ومشغلات الأجهزة,Utility and device driver software,05,250118,25011805,10000,,3,5
cls_25020104,25,البرمجيات,Software,02,تراخيص البرمجيات,Software Licenses,01,تراخيص البرمجيات,Software Licenses,04,250201,25020104,10000,,3,5
cls_25020105,25,البرمجيات,Software,02,تراخيص البرمجيات,Software Licenses,01,تراخيص البرمجيات,Software Licenses,05,250201,25020105,10000,,3,5
cls_25030104,25,البرمجيات,Software,03,البرمجيات المطورة داخليا,internally-developed Software,01,البرمجيات المطورة داخليا,internally-developed Software,04,250301,25030104,10000,,3,5
cls_25030105,25,البرمجيات,Software,03,البرمجيات المطورة داخليا,internally-developed Software,01,البرمجيات المطورة داخليا,internally-developed Software,05,250301,25030105,10000,,3,5
cls_26010104,26,قاعدة البيانات,Database,01,قاعدة البيانات,Database,01,قاعدة البيانات,Database,04,260101,26010104,,,3,5
cls_26010105,26,قاعدة البيانات,Database,01,قاعدة البيانات,Database,01,قاعدة البيانات,Database,05,260101,26010105,,,3,5
cls_27010104,27,حقوق النشر,Copyrights,01,حقوق النشر,Copyrights,01,حقوق النشر,Copyrights,04,270101,27010104,,,10,20
cls_27010105,27,حقوق النشر,Copyrights,01,حقوق النشر,Copyrights,01,حقوق النشر,Copyrights,05,270101,27010105,,,10,20
cls_28010104,28,تطوير,Development,01,تطوير,Development,01,تطوير,Development,04,280101,28010104,,,10,20
cls_28010105,28,تطوير,Development,01,تطوير,Development,01,تطوير,Development,05,280101,28010105,,,10,20
cls_29010104,29,التراخيص والتصاريح,licenses and permits,01,التراخيص,Licenses,01,التراخيص,Licenses,04,290101,29010104,,,10,20
cls_29010105,29,التراخيص والتصاريح,licenses and permits,01,التراخيص,Licenses,01,التراخيص,Licenses,05,290101,29010105,,,10,20
cls_29020104,29,التراخيص والتصاريح,licenses and permits,02,التصاريح,Permits,01,التصاريح,Permits,04,290201,29020104,,,,
cls_29020105,29,التراخيص والتصاريح,licenses and permits,02,التصاريح,Permits,01,التصاريح,Permits,05,290201,29020105,,,,
cls_30010104,30,أنظمة التسليح والأسلحة,Armament & Weapon Systems,01,أنظمة التسليح والأسلحة,Armament & Weapon Systems,01,أنظمة التسليح والأسلحة,Armament & Weapon Systems,04,300101,30010104,,,10,20
cls_30010105,30,أنظمة التسليح والأسلحة,Armament & Weapon Systems,01,أنظمة التسليح والأسلحة,Armament & Weapon Systems,01,أنظمة التسليح والأسلحة,Armament & Weapon Systems,05,300101,30010105,,,10,20
cls_31010104,31,الغير الملموسة الأخرى,Other Intangibles,01,براءات الاختراع,Patents,01,براءات الاختراع,Patents,04,310101,31010104,,,10,20
cls_31010105,31,الغير الملموسة الأخرى,Other Intangibles,01,براءات الاختراع,Patents,01,براءات الاختراع,Patents,05,310101,31010105,,,10,20
cls_31020104,31,الغير الملموسة الأخرى,Other Intangibles,02,الأسرار التجارية,Trade secrets,01,الأسرار التجارية,Trade secrets,04,310201,31020104,,,10,20
cls_31020105,31,الغير الملموسة الأخرى,Other Intangibles,02,الأسرار التجارية,Trade secrets,01,الأسرار التجارية,Trade secrets,05,310201,31020105,,,10,20
cls_31030104,31,الغير الملموسة الأخرى,Other Intangibles,03,العلامات التجارية,trademarks,01,العلامات التجارية,trademarks,04,310301,31030104,,,10,20
cls_31030105,31,الغير الملموسة الأخرى,Other Intangibles,03,العلامات التجارية,trademarks,01,العلامات التجارية,trademarks,05,310301,31030105,,,10,20
